-- phpMyAdmin SQL Dump
-- version 4.9.0.1
-- https://www.phpmyadmin.net/
--
-- Хост: 127.0.0.1:3306
-- Время создания: Янв 12 2020 г., 16:46
-- Версия сервера: 8.0.15
-- Версия PHP: 7.3.9

SET SQL_MODE = "NO_AUTO_VALUE_ON_ZERO";
SET AUTOCOMMIT = 0;
START TRANSACTION;
SET time_zone = "+00:00";


/*!40101 SET @OLD_CHARACTER_SET_CLIENT=@@CHARACTER_SET_CLIENT */;
/*!40101 SET @OLD_CHARACTER_SET_RESULTS=@@CHARACTER_SET_RESULTS */;
/*!40101 SET @OLD_COLLATION_CONNECTION=@@COLLATION_CONNECTION */;
/*!40101 SET NAMES utf8mb4 */;

--
-- База данных: `minoblog2`
--

-- --------------------------------------------------------

--
-- Структура таблицы `categories`
--

CREATE TABLE `categories` (
  `id_category` int(11) UNSIGNED NOT NULL,
  `name` varchar(30) CHARACTER SET utf8 COLLATE utf8_general_ci NOT NULL
) ENGINE=MyISAM DEFAULT CHARSET=utf8;

--
-- Дамп данных таблицы `categories`
--

INSERT INTO `categories` (`id_category`, `name`) VALUES
(1, 'Fashion'),
(2, 'Travel'),
(3, 'Food'),
(4, 'Photography'),
(5, 'History'),
(6, 'Business'),
(7, 'Education'),
(8, 'Social Media'),
(9, 'Other');

-- --------------------------------------------------------

--
-- Структура таблицы `comments`
--

CREATE TABLE `comments` (
  `id` int(11) UNSIGNED NOT NULL,
  `comment` text CHARACTER SET utf8 COLLATE utf8_general_ci NOT NULL,
  `id_post` int(11) UNSIGNED NOT NULL,
  `username` varchar(50) NOT NULL,
  `email` varchar(70) CHARACTER SET utf8 COLLATE utf8_general_ci NOT NULL,
  `date` timestamp NOT NULL DEFAULT CURRENT_TIMESTAMP
) ENGINE=InnoDB DEFAULT CHARSET=utf8;

--
-- Дамп данных таблицы `comments`
--

INSERT INTO `comments` (`id`, `comment`, `id_post`, `username`, `email`) VALUES
(1, 'Lorem ipsum dolor sit amet, consectetur adipiscing elit. Pellentesque mi lorem, mollis et pulvinar sit amet, interdum vitae dolor. Curabitur dignissim feugiat aliquam. Pellentesque vel sem nec urna eleifend feugiat consectetur nec nulla. Donec efficitur congue felis, ac aliquam orci finibus at. Maecenas id lacus rutrum, tincidunt massa in, luctus odio. Ut dapibus pellentesque tempus. Sed condimentum diam purus, ut pretium augue mattis eget.', 1, 'cristel_96', 'v.cristel@mail.ru'),
(2, 'Duis mi felis, feugiat ac sem at, bibendum vulputate diam. Orci varius natoque penatibus et magnis dis parturient montes, nascetur ridiculus mus. Mauris metus lacus, laoreet eu vulputate vestibulum, aliquam eget mauris. Aenean a semper augue, in bibendum enim. Donec pretium risus ante. Orci varius natoque penatibus et magnis dis parturient montes, nascetur ridiculus mus. Curabitur non lorem odio. Fusce congue finibus lacus, quis sodales libero. Cras non massa felis. Curabitur massa dui, cursus eu ligula ut, accumsan venenatis libero. Nullam pulvinar posuere mi, non facilisis nibh porta ac. Fusce interdum nunc a mattis lacinia. Integer molestie mauris non odio blandit, id vehicula nulla ornare.', 2, 'marvel_2', 'marvel@gmail.com'),
(3, 'Mauris vel metus vel purus aliquam ullamcorper vitae at ligula. Proin eget nibh sed arcu lacinia tempor vel nec diam. Nulla vitae libero eu est venenatis consequat et non purus. Fusce neque velit, maximus sed leo a, pulvinar malesuada dui. Duis hendrerit feugiat turpis in hendrerit. Mauris tristique feugiat leo ut aliquet. Proin dignissim, urna sed rutrum efficitur, ligula orci hendrerit mauris, nec volutpat urna ante eu quam.', 1, 'marvel_2', 'marvel@gmail.com'),
(4, 'Duis mi justo, aliquet luctus eros in, dapibus suscipit mauris. Ut ut magna vel dui euismod cursus. Donec vel augue vel velit iaculis aliquet vel vel elit. Mauris varius sagittis arcu consectetur volutpat. Nullam gravida ante sed consectetur pharetra. Sed egestas dui justo, nec porta nisi lobortis in. Nullam porta non tellus sit amet porttitor. Nullam ac magna ex. Quisque facilisis justo ligula, ut consequat nisl convallis vitae. Phasellus ut cursus purus. Nulla ac vulputate sem. Sed blandit suscipit diam, nec commodo libero porttitor vitae. Duis porta id leo a bibendum. Vestibulum ultrices nulla in leo commodo blandit.', 2, 'leota_23', 'leota@gmail.com'),
(5, 'Curabitur pellentesque dictum malesuada. Cras id sem eget est convallis scelerisque ut in diam. Fusce pellentesque bibendum nisl, non auctor nulla ultrices vitae. Curabitur id urna ut velit porttitor mollis at at arcu. Vivamus mattis euismod lacus in vulputate. Mauris in consequat urna, quis pulvinar risus. Vivamus tellus dolor, varius sed tellus et, varius molestie lorem. Pellentesque porta justo tellus, et dapibus quam pretium sit amet.', 1, 'leota_23', 'leota@gmail.com'),
(6, 'Oporteat consetetur ne qui, alia habeo in vel. Gloriatur eloquentiam duo eu? His eu brute iusto petentium, ea his semper atomorum mediocrem. Novum virtute ex nec? Ei autem cotidieque mel, vis no amet omnium reprehendunt. Per magna nostro qualisque et, cibo interesset delicatissimi mel at!', 5, 'edna20', 'edna@mail.ru'),
(7, 'Populo utamur no sit. Possit option ut sea, no alia graece per! Adhuc alterum euismod ut his. Eu sed omnes aperiri vituperatoribus. An qui atqui volumus dissentias. Ius ne iuvaret constituto.', 4, 'warren', 'warren@gmail.com'),
(8, 'Per clita corpora ei. Vivendo verterem intellegam ea sed. Ne nisl dicam pro, ad nec primis adversarium. Cu has veri regione adversarium, nobis utinam evertitur cum an? Eum graeci eripuit feugiat ea. Has ad percipitur dissentiet, in usu vivendo temporibus.\r\n\r\nUsu ut legere habemus fuisset. Enim habeo ius ut, ex hinc tollit nec. Ad mei fugit exerci. Quo dolorum fuisset ex, te sonet vocent his. Per sonet adipisci deterruisset ad, elit fierent adipiscing in pro.\r\n\r\nRebum iusto laboramus ad sed, debet placerat mea cu? Essent facete splendide at mei. Cu vix civibus dignissim. Cu per persius temporibus. His et eruditi suavitate torquatos.', 5, 'warren', 'warren@gmail.com'),
(9, 'Eu rebum posidonium sit, affert vocibus eu nec, in tota primis sed! Elitr legendos antiopam ne pro. Nec prima solet veniam te. Ullum iuvaret est id? Ea omnium signiferumque nam, tincidunt consetetur has ad! At sed fugit velit, has id essent latine aliquam.', 7, 'elsie', 'elsie@mail.bk'),
(10, 'In per case maiorum maluisset! Ius at placerat adipiscing, percipit incorrupte eu his. Aliquid ancillae instructior quo no. Quas idque ad per, mel assum regione ad. Pro eu inani dicant, duo placerat praesent ut. Ea vis purto habeo, quem quando sit cu, an probo phaedrum definiebas ius!', 7, 'elsie', ''),
(11, 'Rebum audiam quo ad, pri ei summo tollit persequeris, at nec tamquam nonumes? Ea est semper iriure mandamus, ad qui sint molestiae, vel cu assum audiam tractatos. Iudicabit aliquando nam ex, mea te alterum sapientem laboramus, fugit contentiones duo ei? Vis ei duis utamur accumsan! Id sit assum oblique, sit at epicuri omnesque epicurei. Pri illud iudico iracundia ei, ex autem abhorreant pri.', 5, 'elsie', 'elsie@mail.bk'),
(12, 'Ne solum autem zril nec. Adhuc affert at sea, cum ea tamquam detraxit evertitur? No his modo sanctus pertinax. Insolens sapientem moderatius te est, vix at mucius inermis maiestatis! Nam an esse utinam molestie, in enim dolore labitur his!', 8, 'andrews', 'andrews@gmail.com'),
(13, 'Atqui erant vim ei, probo nullam reformidans vix no! Reque philosophia complectitur ad has, per an maiestatis vituperatoribus. At nam corrumpit molestiae? Vel in agam doming noluisse, duo omnis aliquid contentiones no. Commodo rationibus his no, eu sed disputando concludaturque! Possit interpretaris eos eu, cu brute oratio aeterno qui, ne usu noluisse verterem.', 4, 'andrews', ''),
(14, 'Meliore delicatissimi vix cu, eam utroque aliquando ad. In his delenit adversarium, postea scripta imperdiet id nam, saperet urbanitas est in. Ullum regione prompta id vim, lucilius salutatus pro in! Eu his adhuc fabulas consulatu, sint pertinacia mel ad, duis pericula ex vim. Ut eum nisl enim vidisse, mel elit dicam aliquid eu, nibh recteque usu ad?', 11, 'cristel_96', 'v.cristel@mail.ru'),
(15, 'Iudico gloriatur complectitur ad duo, saepe repudiare temporibus sit eu, quis veniam mei ne. Atqui paulo maiestatis no vis. Pro id veri fugit tritani, homero probatus ius ne, qui cu vitae comprehensam! Nec utamur fierent in.', 11, 'silvia', 'silvia@mail.ru'),
(16, 'Sea nibh tamquam in, vis ut ignota inciderint, postea tractatos sit eu. Ut mea agam explicari, duo augue tamquam corpora at, cu eam consequat tincidunt. Tale oblique definitiones sed ad, cu usu reprehendunt vituperatoribus! Id modus eligendi nam!', 10, 'Andrew', 'andrei@mail.com'),
(17, 'Vel quas reprehendunt ut. Mei ex audire mandamus consulatu. Deleniti invenire repudiandae pro no. Quo no veniam placerat. Est discere ceteros accommodare ut, vis ad consul debitis praesent.', 13, 'clara_29', 'clara@mail.ru'),
(18, 'Ludus philosophia et vel. Ut nec debitis nostrum, veniam evertitur mel id. Pri ex idque vocibus eloquentiam, qui choro conceptam in. Nam te tota concludaturque, eu pri iudico corpora. Ex adhuc alterum eam, ex mei vero graecis accusamus, cu erat sanctus theophrastus nec. Epicurei sapientem dissentiet ad vel, ea pri mnesarchum eloquentiam, ut tacimates maiestatis omittantur pro.', 13, 'Vasile', 'v.cristel@mail.ru'),
(19, 'Eos ad eirmod aperiam sadipscing. Ex mei reque quidam, no eos summo equidem splendide. Sit quis zril ei, ei nam iisque aperiam ancillae, cu duo admodum adolescens repudiandae. His ad illum tincidunt, vero convenire neglegentur an per. Possim neglegentur ad has.', 14, 'Clara', 'clara@mail.ru'),
(20, 'In dicit dolore patrioque sit. Ut duo brute ullum discere, at quo congue fabulas. Sea primis doctus vocent eu. In populo possim gloriatur mei, ne eum solet facete laoreet. At alii tritani vel, libris dissentias interpretaris vel ne, graeci alienum sed ex. Nam solum appellantur ex.', 15, 'Max', 'cristel96@mail.ru'),
(21, 'Eam oblique iuvaret eu, nec id brute accusata. Conceptam disputationi pri et. Eum at ignota honestatis, vis ex labore molestiae, probatus interesset quo ex. Te qui singulis efficiantur philosophia, mazim ancillae ut eos, est similique efficiendi te. Eos at oratio blandit, ullum affert voluptatum mei ea.', 14, 'clara_29', ''),
(22, 'Ea mei melius delicata evertitur, esse malis soluta an pri. Nam sumo oratio molestiae at. Mentitum tacimates molestiae pri at. Vix quas vidisse phaedrum et. Mea id vitae accusam, nec prima oratio prompta at. Ea veri illum pro, graecis accumsan qui cu, sed ad enim augue.', 14, 'cristel_96', 'v.cristel@mail.ru'),
(23, 'Case magna vituperata mel at. Vix omnium noluisse ad, ea affert causae cum. Eu cum meis repudiandae neglegentur, eum te laboramus gloriatur necessitatibus, at clita tation duo. Ad clita iriure admodum duo, putent verterem id nec, et simul molestiae sit. Ad affert tibique mea, ea vis doctus cotidieque signiferumque, in solum viris pri. Eu mea tale eros, ius no animal feugait signiferumque. Per ei omnesque principes, et per vide audire.', 14, 'Martin', 'marti@gmail.com'),
(24, 'In sea illud albucius. Debet aliquip ei qui. Cum et utinam abhorreant, ne sea tation oportere. Aliquam percipitur intellegebat vel ea, viris dicam corrumpit ad vim. Mutat cetero albucius ei his, mundi apeirian definiebas et usu. Illum efficiendi duo et. Mel fierent imperdiet eu.', 16, 'Mark', ''),
(25, 'Idque iudico ea sea, pri torquatos repudiandae an. Pro moderatius appellantur id, facilisi definiebas dissentias te usu. In vis suas tota novum. Id munere graeci mediocritatem vix, mei ut deserunt patrioque. Duo eu virtute laoreet.', 16, 'cristel_96', 'v.cristel@mail.ru'),
(26, 'Alienum posidonium ex est, id omnis nusquam nam. Audire integre pro ex, duis eius at vim. Ei cum oblique patrioque percipitur, ad cum purto falli. Ne pro tota delenit suscipit, vix in aliquid petentium. Bonorum tincidunt necessitatibus no vel, te vis animal evertitur similique, no odio salutatus vis. Quo cu natum probo feugait, eos case harum ei.', 16, 'Andrew', 'andrei@mail.com'),
(27, 'Vis ei amet iriure eligendi. Cu sed integre gloriatur. Facete dolores vix et, ad usu sonet legimus. Elitr accusam accusata has ad, qui exerci democritum ei. Vim in nominati similique, qui sadipscing interpretaris ut.', 16, 'clara_29', 'clara@mail.ru'),
(28, 'Alia veniam eos et, has te aeque tempor cetero. Ad vidit mucius equidem duo, timeam perfecto eos ex. Idque erroribus expetendis cum ex, etiam oratio luptatum ius ea. Ex pri postea tacimates sensibus, quo ludus voluptaria ad. Quo sale omnis patrioque eu, choro nonumy aliquip vix ad, cum ut cibo malorum eripuit.', 15, 'cristel_96', 'v.cristel@mail.ru'),
(29, 'Est dictas persius te, consetetur cotidieque ea vis. Cu graece inimicus splendide nam, ad mel saepe deleniti. Eu ius solet quidam, ignota habemus iracundia sed ne. Mel adipiscing comprehensam cu, cu sea nobis solet. Has aperiam menandri ad, adhuc dicta nec no. No fuisset blandit per, usu aliquid percipitur ei, sea ea elit commune.', 15, 'cristel_96', 'v.cristel@mail.ru'),
(30, 'Diam dolore delicata cu sed, his timeam deleniti ex, fierent honestatis suscipiantur ius ea. Ad mea vivendum salutatus concludaturque, eum ei posse honestatis signiferumque, meis salutandi ea pri. Eum in sale cotidieque persequeris. Quodsi omnium phaedrum ius ex, id nulla ullamcorper nam, ullum propriae mnesarchum te mea. In has reque facilis concludaturque. No dolore dissentiunt eum. Postea prompta te duo.', 10, 'clara_29', 'clara@mail.ru'),
(31, 'Unum porro noluisse ut est, has lorem denique percipitur ei. Ea quo consul oporteat intellegam, qui te erat corpora consectetuer. Ne nam natum suscipit voluptaria. Mea velit nobis doctus te. Tempor quaeque mediocritatem ei vix, malis atqui quo ad.', 10, 'clara_29', 'clara@mail.ru'),
(32, 'Et brute consulatu intellegat sit. Cu nec quod referrentur, ut facilisi atomorum nec, at etiam possit omittam has. Ea nam apeirian consequat, animal saperet definitiones ne pro, qui quando fabulas tincidunt eu. Idque facer vocibus vix ei, at dicam veniam sed.', 18, 'Cristi', 'leota@gmail.com'),
(33, 'Ex omnis erant eos, at solet doctus pertinax eum, duo oratio iuvaret ex. Ne sea labores repudiandae, sit unum eleifend in. Ius no nostro aliquando persecuti, pro ad solet dictas. Ei sea ubique diceret, quaestio erroribus ei mea.', 18, 'Vasile', 'v.cristel@mail.ru'),
(34, 'Vidisse aperiam at vis, mea an aliquam percipit qualisque. Pri eu quas delicata, no dicit possim gubergren eos, mutat lucilius eu sea. Dicat postulant an vel. Nam aliquid maiestatis in, adipiscing deterruisset pri at. Pri iudico regione definiebas ex. Vim legere nemore ad.', 18, 'Mark', 'leota@gmail.com'),
(35, 'Eum mazim virtute atomorum an, illud delicata eu qui, at persius nominavi cum. Vis commodo singulis inimicus et. Autem voluptua mel cu. Persius feugiat bonorum ius at, ad veniam everti pertinacia sed.', 9, 'sullivan', 'silvia@mail.ru'),
(36, 'Ea prompta nominati molestiae nam, ornatus maluisset sea ex, est lorem omnium an. Ei appareat antiopam volutpat sit. Ludus officiis an ius, ne dolores deterruisset ius. Ut nihil singulis pro, eros vidit vim eu.', 9, 'sullivan', 'leota@gmail.com'),
(37, 'Munere graecis explicari his eu, sed propriae forensibus incorrupte ne, vim eu iriure expetendis. Nominavi pertinax at eam, intellegat definitionem ut vix, id oratio nonumes mea. Ceteros accusata pertinacia eam an. Has ei clita appetere. Ne vix diam nostrud, no animal utamur luptatum per.', 11, 'sullivan', 'cristel96@mail.ru');

-- --------------------------------------------------------

--
-- Структура таблицы `posts`
--

CREATE TABLE `posts` (
  `id` int(11) UNSIGNED NOT NULL,
  `title` varchar(255) CHARACTER SET utf8 COLLATE utf8_general_ci NOT NULL,
  `photo` varchar(255) CHARACTER SET utf8 COLLATE utf8_general_ci NOT NULL,
  `text` text CHARACTER SET utf8 COLLATE utf8_general_ci NOT NULL,
  `date` timestamp NOT NULL DEFAULT CURRENT_TIMESTAMP,
  `id_category` int(11) UNSIGNED NOT NULL,
  `id_user` int(11) UNSIGNED NOT NULL
) ENGINE=MyISAM DEFAULT CHARSET=utf8;

--
-- Дамп данных таблицы `posts`
--

INSERT INTO `posts` (`id`, `title`, `photo`, `text`, `id_category`, `id_user`) VALUES
(1, 'Sangar Slider Demo', '0.54961300 1578769641.1.jpg', '<p style=\"margin-right: 0px; margin-bottom: 15px; margin-left: 0px; padding: 0px; text-align: justify; color: rgb(0, 0, 0); font-family: &quot;Open Sans&quot;, Arial, sans-serif;\">Aen<span style=\"font-weight: bolder;\"><i><u>ean vestibulum, enim quis fringilla ornare, augue nisl tristique magna, ac sollicitudin est mi id nisl. Duis vehicula sapien lorem, et semper quam feugiat interdum. Morbi vulputate neque mauris, a ornare ex consequat a. Sed est sapien, cursus at eros et, semper efficitur ligula</u></i></span>. Ut imperdiet pharetra nisl, eu maximus orci interdum vel. Suspendisse libero mauris, ultrices a ligula nec, condimentum blandit neque. Cras laoreet, elit sit amet suscipit ultricies, nisl lacus hendrerit elit, quis ornare urna nunc quis purus. Etiam eu ullamcorper dui. Orci varius natoque penatibus et magnis dis parturient montes, nascetur ridiculus mus. Pellentesque dignissim mauris id neque rutrum, non tristique magna efficitur.</p><p style=\"margin-right: 0px; margin-bottom: 15px; margin-left: 0px; padding: 0px; text-align: justify; color: rgb(0, 0, 0); font-family: &quot;Open Sans&quot;, Arial, sans-serif;\">Nam dignissim commodo purus nec consequat. Sed metus nibh, dignissim non ligula id, placerat dignissim ligula. Cras sollicitudin mi lacinia, congue mi ac, mattis felis. Vestibulum ac ex sit amet magna fermentum molestie. Duis tristique accumsan pellentesque. Suspendisse imperdiet molestie varius. Praesent lobortis dapibus erat non iaculis. In sagittis nunc et dolor tincidunt gravida. Phasellus fringilla odio est, in placerat mauris fringilla vel. Ut nunc erat, convallis sit amet fringilla a, tincidunt quis turpis. Quisque vitae arcu sit amet ligula accumsan vestibulum a maximus ante. Curabitur urna ipsum, tincidunt in enim in, suscipit pellentesque arcu. Donec purus libero, tempus ac elementum id, iaculis quis libero. Cras rutrum sit amet nunc ut dictum.</p><p style=\"margin-right: 0px; margin-bottom: 15px; margin-left: 0px; text-align: center; padding: 0px; color: rgb(0, 0, 0); font-family: &quot;Open Sans&quot;, Arial, sans-serif;\">Nam a magna molestie, vulputate dui nec, varius augue. Aenean aliquam, nulla nec consectetur ullamcorper, nisl odio sollicitudin ipsum, sit amet pulvinar diam diam vitae tellus. Cras lacinia sem eu lacus condimentum, a fermentum eros hendrerit. Aliquam rhoncus pharetra nunc, quis ultrices nisl accumsan sit amet. Vestibulum tristique dui vitae arcu rhoncus porttitor. In placerat cursus nulla, volutpat pharetra ipsum bibendum sed. Donec dui nisl, mattis sit amet arcu et, volutpat eleifend dolor. Cras sed turpis quis orci dapibus tincidunt. Morbi enim ligula, lobortis nec fermentum vitae, condimentum eu nunc. Aliquam tempor justo eget dui efficitur, ac mattis ipsum lacinia. Proin magna diam, congue suscipit enim eu, mollis scelerisque purus. Pellentesque malesuada nec nibh nec pretium. Integer laoreet purus in elementum aliquet. Donec lobortis est non facilisis dapibus. In porttitor libero sit amet posuere luctus.</p><p style=\"margin-right: 0px; margin-bottom: 15px; margin-left: 0px; padding: 0px; text-align: justify; color: rgb(0, 0, 0); font-family: &quot;Open Sans&quot;, Arial, sans-serif;\">Nam porttitor tellus vel tellus lacinia malesuada. Donec tincidunt viverra tincidunt. Aliquam dictum lobortis ligula sed sollicitudin. In ipsum risus, malesuada in scelerisque nec, commodo eu lacus. Lorem ipsum dolor sit amet, consectetur adipiscing elit. Etiam consequat, risus a fermentum euismod, odio odio scelerisque nibh, non mollis mauris risus ac tortor. Aenean aliquam imperdiet hendrerit. Praesent sed augue id leo sagittis porttitor tristique eu ligula. Nulla mauris diam, ullamcorper sed tempor sed, molestie vitae magna. Morbi posuere vestibulum tempus. Nunc varius turpis a nisi congue gravida. Aenean vel imperdiet odio. Vestibulum vitae volutpat urna.</p><p style=\"margin-right: 0px; margin-bottom: 15px; margin-left: 0px; padding: 0px; text-align: justify; color: rgb(0, 0, 0); font-family: &quot;Open Sans&quot;, Arial, sans-serif;\">Sed eget placerat ex. Ut aliquet est id erat egestas, sed vehicula quam sollicitudin. Nam finibus elit ut molestie congue. Vivamus sit amet tortor augue. Donec iaculis, quam ut tincidunt elementum, lorem ante consectetur dolor, in aliquam lacus mi eget quam. Nulla ornare tellus condimentum ex convallis, nec venenatis est hendrerit. Sed congue posuere ante, pharetra sodales metus semper nec. Pellentesque habitant morbi tristique senectus et netus et malesuada fames ac turpis egestas. Integer egestas, nulla vitae tincidunt scelerisque, diam ipsum egestas enim, vitae aliquet libero ante eget metus. Mauris ac mollis mi. Aliquam sagittis dignissim faucibus.</p><p style=\"margin-right: 0px; margin-bottom: 15px; margin-left: 0px; padding: 0px; text-align: justify; color: rgb(0, 0, 0); font-family: &quot;Open Sans&quot;, Arial, sans-serif;\">Nunc a orci eget est placerat vehicula consequat vel orci. Nulla at ornare elit. Pellentesque a enim velit. Nulla facilisi. Praesent vestibulum mi tellus, et egestas neque tristique pellentesque. Phasellus venenatis erat eget mattis viverra. Sed vehicula, enim laoreet sodales tincidunt, nisl ipsum mattis massa, et efficitur erat sem vel libero.</p><p style=\"margin-right: 0px; margin-bottom: 15px; margin-left: 0px; padding: 0px; text-align: justify; color: rgb(0, 0, 0); font-family: &quot;Open Sans&quot;, Arial, sans-serif;\">Nunc pellentesque, nibh sit amet tempus suscipit, justo mi pellentesque metus, malesuada pharetra elit quam a dui. Donec non pretium nisl. Cras ultricies ipsum sit amet pharetra fermentum. Mauris in ante ullamcorper, volutpat ligula nec, vehicula nisi. Interdum et malesuada fames ac ante ipsum primis in faucibus. Nulla dictum molestie dolor, at luctus elit lobortis eu. Cras ut pellentesque odio, ac bibendum mauris. Nulla auctor, sapien eget pharetra tristique, ipsum augue lobortis eros, non dictum ex diam ac nunc. Nunc commodo nisl ut dui vehicula blandit.</p><p style=\"margin-right: 0px; margin-bottom: 15px; margin-left: 0px; padding: 0px; text-align: justify; color: rgb(0, 0, 0); font-family: &quot;Open Sans&quot;, Arial, sans-serif;\">Sed id mi eros. Etiam blandit pharetra orci, vel mattis arcu faucibus eget. Pellentesque at arcu quis dolor mattis feugiat sed in tortor. Suspendisse eros metus, porta et mi in, tempor bibendum augue. Fusce lobortis accumsan hendrerit. Mauris pharetra elit eu tellus vehicula malesuada. Phasellus tristique, nulla dignissim vulputate fermentum, tortor sapien dignissim erat, quis lobortis mauris erat sed nunc. Duis ipsum est, sodales sed iaculis sit amet, eleifend quis dui. Nulla gravida posuere massa. Pellentesque ut magna fringilla, vestibulum lectus nec, rhoncus ipsum. Nunc consequat ex ante, eu faucibus massa iaculis at. Donec sit amet mauris aliquam tellus aliquet eleifend.</p><p style=\"margin-right: 0px; margin-bottom: 15px; margin-left: 0px; padding: 0px; text-align: justify; color: rgb(0, 0, 0); font-family: &quot;Open Sans&quot;, Arial, sans-serif;\">Fusce rutrum est risus, ut pellentesque purus suscipit eget. Proin lacinia diam nec dolor tincidunt ornare. Vivamus at nunc ligula. Nulla cursus leo tristique, blandit velit vel, egestas mi. Integer rutrum augue eget ante pharetra imperdiet. Donec consequat congue posuere. Aliquam ut orci leo. Mauris hendrerit suscipit euismod. Maecenas fermentum sodales efficitur. Quisque sit amet elementum magna. Quisque molestie erat in venenatis euismod. Integer fermentum in ex sit amet porttitor. Sed sodales ligula quis velit sagittis aliquet. Nam vehicula mi sed tortor blandit dignissim at id lectus. Suspendisse porttitor mauris nulla, at consequat lectus aliquam et. Fusce orci ligula, sodales eu bibendum quis, rutrum sed eros.</p><p style=\"margin-right: 0px; margin-bottom: 15px; margin-left: 0px; padding: 0px; text-align: justify; color: rgb(0, 0, 0); font-family: &quot;Open Sans&quot;, Arial, sans-serif;\">Vestibulum magna enim, semper a est eu, maximus lacinia nunc. Vestibulum blandit tortor aliquam, egestas elit eget, efficitur sem. Pellentesque tempor pharetra nulla id lobortis. Orci varius natoque penatibus et magnis dis parturient montes, nascetur ridiculus mus. Curabitur ultricies dapibus mauris, ornare tristique mi lacinia non. Nunc accumsan vehicula tincidunt. Curabitur a tincidunt magna. Curabitur pulvinar metus odio, porta commodo metus feugiat eget. Phasellus molestie felis in dolor semper commodo. Maecenas ornare odio non lorem pellentesque vestibulum. Sed fermentum interdum consequat. Orci varius natoque penatibus et magnis dis parturient montes, nascetur ridiculus mus. Donec auctor, ante et pulvinar placerat, dolor lorem lacinia elit, in vehicula tellus quam at lorem. Donec vulputate, nulla vel semper vehicula, sapien ipsum ultrices sem, euismod vulputate justo lorem vestibulum nisl. Mauris rutrum non mi et condimentum. Etiam tincidunt, purus sed sodales vulputate, lectus dui bibendum sem, et dictum mauris lacus sed ligula.</p>                                                                                                                                                ', 6, 1),
(2, 'Hiking for Beginnerel', '0.75318600 1578767538.2.jpg', '<p style=\"margin-right: 0px; margin-bottom: 15px; margin-left: 0px; padding: 0px; text-align: justify; color: rgb(0, 0, 0); font-family: &quot;Open Sans&quot;, Arial, sans-serif;\">Lorem ipsum dolor sit amet, consectetur adipiscing elit. Quisque posuere lectus ut mi semper interdum. Vivamus euismod nibh interdum massa dictum accumsan. Maecenas elementum leo vel velit imperdiet, et efficitur orci facilisis. Vivamus ornare sem nec neque ultrices, id bibendum magna tristique. Nulla facilisi. Praesent ultrices, erat vel dignissim pretium, lectus nisi euismod arcu, in molestie augue nisi quis urna. Sed viverra volutpat posuere. Fusce molestie laoreet enim a ullamcorper. Nulla rhoncus rutrum diam in tincidunt. Maecenas aliquet ligula non nisi rutrum venenatis. Duis viverra ac diam sit amet volutpat. Maecenas feugiat orci eget tortor lobortis ultrices. Suspendisse potenti. Aliquam pretium convallis est, id viverra erat sollicitudin sit amet.</p><p style=\"margin-right: 0px; margin-bottom: 15px; margin-left: 0px; padding: 0px; text-align: justify; color: rgb(0, 0, 0); font-family: &quot;Open Sans&quot;, Arial, sans-serif;\">Mauris ultrices justo quis ex fermentum, vitae suscipit lectus vehicula. Proin et rutrum augue. Duis nulla nibh, bibendum eu elementum id, iaculis ut libero. Phasellus molestie justo sed quam fringilla, eget maximus lectus imperdiet. Maecenas quis rutrum lacus, vel eleifend dolor. In varius, leo vitae semper vestibulum, sem dolor tempus ante, ut sollicitudin urna neque a nisi. Nulla ac pretium purus. Proin efficitur mauris nisi, non blandit erat condimentum eleifend. Integer varius consequat tincidunt. Sed dapibus scelerisque justo eu volutpat.</p><p style=\"margin-right: 0px; margin-bottom: 15px; margin-left: 0px; padding: 0px; text-align: justify; color: rgb(0, 0, 0); font-family: &quot;Open Sans&quot;, Arial, sans-serif;\">Mauris tincidunt lorem eget magna egestas semper. Vivamus sed interdum nibh. Ut in tellus non nibh lobortis euismod. Duis lobortis ante sit amet velit lobortis mollis. Praesent venenatis suscipit urna in semper. In vulputate malesuada accumsan. Nunc feugiat tincidunt augue at aliquet. Morbi condimentum, eros quis eleifend pulvinar, magna arcu accumsan lacus, efficitur consectetur ipsum metus vel dui. Fusce condimentum ultricies lacinia. Pellentesque habitant morbi tristique senectus et netus et malesuada fames ac turpis egestas. Pellentesque pharetra, tellus id luctus mollis, nisl ex sodales quam, at auctor odio justo vestibulum nibh. Curabitur commodo, metus ac sagittis fringilla, velit urna aliquam nunc, tempus tempor leo purus ac quam. In hac habitasse platea dictumst.</p><p style=\"margin-right: 0px; margin-bottom: 15px; margin-left: 0px; padding: 0px; text-align: justify; color: rgb(0, 0, 0); font-family: &quot;Open Sans&quot;, Arial, sans-serif;\">Nullam congue augue id arcu faucibus varius vitae id odio. Nullam vel feugiat dui, ac suscipit purus. Proin in interdum nisl. Integer eu purus quis velit hendrerit semper eu at odio. Integer nunc dolor, tempor at ultricies non, tincidunt non lacus. Nullam vel egestas ligula. Ut elementum ut urna eu molestie. Ut pulvinar odio ornare, blandit ipsum semper, egestas lorem. Curabitur molestie ligula et dolor fermentum, auctor dictum sapien posuere. Mauris lobortis mollis sodales.</p><p style=\"margin-right: 0px; margin-bottom: 15px; margin-left: 0px; padding: 0px; text-align: justify; color: rgb(0, 0, 0); font-family: &quot;Open Sans&quot;, Arial, sans-serif;\">Donec gravida ultrices orci, at elementum enim blandit vel. Vestibulum ante ipsum primis in faucibus orci luctus et ultrices posuere cubilia Curae; Nunc finibus lacinia nunc vitae rutrum. Interdum et malesuada fames ac ante ipsum primis in faucibus. Nullam ultricies ut est eu efficitur. Quisque tristique rhoncus viverra. Vivamus pretium lorem et mauris tempor, id iaculis erat blandit.</p>        ', 2, 4),
(3, 'When Nature Calls', '0.95504600 1578767610.3.jpg', '<p style=\"margin-right: 0px; margin-bottom: 15px; margin-left: 0px; padding: 0px; text-align: justify; color: rgb(0, 0, 0); font-family: &quot;Open Sans&quot;, Arial, sans-serif;\">Lorem ipsum dolor sit amet, consectetur adipiscing elit. Duis efficitur dolor quis mollis consectetur. Sed eu euismod augue, quis facilisis nulla. Sed mattis a est in rhoncus. Nullam efficitur diam vitae eros mattis tempus. Sed dictum, nulla a imperdiet facilisis, elit est condimentum erat, in dignissim velit metus quis nulla. Phasellus vestibulum dui nec lectus posuere, a blandit mi commodo. Fusce id odio quam. Donec sodales nisi turpis, ut tincidunt velit ornare eu. Donec dapibus risus sed feugiat gravida. Nunc egestas, eros vel elementum sodales, urna diam ultricies neque, non interdum dolor mauris sed nibh. Nullam id nibh et felis suscipit varius eu eget ante. Curabitur gravida nibh non purus condimentum, ac aliquam magna dapibus. Vestibulum ac aliquet nunc, non finibus mauris. Donec neque nulla, rhoncus ut egestas ut, finibus ut tortor. Curabitur malesuada aliquam gravida. Vestibulum non laoreet magna.</p><p style=\"margin-right: 0px; margin-bottom: 15px; margin-left: 0px; padding: 0px; text-align: justify; color: rgb(0, 0, 0); font-family: &quot;Open Sans&quot;, Arial, sans-serif;\">Duis mi felis, feugiat ac sem at, bibendum vulputate diam. Orci varius natoque penatibus et magnis dis parturient montes, nascetur ridiculus mus. Mauris metus lacus, laoreet eu vulputate vestibulum, aliquam eget mauris. Aenean a semper augue, in bibendum enim. Donec pretium risus ante. Orci varius natoque penatibus et magnis dis parturient montes, nascetur ridiculus mus. Curabitur non lorem odio. Fusce congue finibus lacus, quis sodales libero. Cras non massa felis. Curabitur massa dui, cursus eu ligula ut, accumsan venenatis libero. Nullam pulvinar posuere mi, non facilisis nibh porta ac. Fusce interdum nunc a mattis lacinia. Integer molestie mauris non odio blandit, id vehicula nulla ornare.</p><p style=\"margin-right: 0px; margin-bottom: 15px; margin-left: 0px; padding: 0px; text-align: justify; color: rgb(0, 0, 0); font-family: &quot;Open Sans&quot;, Arial, sans-serif;\">Mauris vel metus vel purus aliquam ullamcorper vitae at ligula. Proin eget nibh sed arcu lacinia tempor vel nec diam. Nulla vitae libero eu est venenatis consequat et non purus. Fusce neque velit, maximus sed leo a, pulvinar malesuada dui. Duis hendrerit feugiat turpis in hendrerit. Mauris tristique feugiat leo ut aliquet. Proin dignissim, urna sed rutrum efficitur, ligula orci hendrerit mauris, nec volutpat urna ante eu quam.</p><p style=\"margin-right: 0px; margin-bottom: 15px; margin-left: 0px; padding: 0px; text-align: justify; color: rgb(0, 0, 0); font-family: &quot;Open Sans&quot;, Arial, sans-serif;\">Donec pulvinar nunc a leo dapibus bibendum. Ut est neque, ornare in purus nec, interdum tincidunt enim. Fusce gravida velit facilisis eros viverra mollis. Suspendisse blandit est quis est interdum, vel mollis dui congue. Fusce nec posuere neque, non mollis nisl. Vivamus finibus tellus ex, a molestie quam tempus a. Fusce rutrum egestas dictum. Pellentesque at risus vitae justo placerat feugiat. Maecenas laoreet neque et lectus placerat, et vestibulum augue consequat. Praesent posuere vestibulum augue, facilisis commodo nulla varius sed. In ut nunc vehicula, ultrices erat non, egestas sem. Nam viverra aliquet venenatis.</p><p style=\"margin-right: 0px; margin-bottom: 15px; margin-left: 0px; padding: 0px; text-align: justify; color: rgb(0, 0, 0); font-family: &quot;Open Sans&quot;, Arial, sans-serif;\">Etiam fringilla vel ante sed bibendum. Orci varius natoque penatibus et magnis dis parturient montes, nascetur ridiculus mus. Maecenas id diam mauris. Nam lacinia non urna maximus malesuada. Mauris tempor urna quis libero volutpat faucibus. Aenean porttitor et nisl eget vestibulum. Duis faucibus luctus tempus. Sed pretium nibh orci. Aenean euismod ex massa, eget maximus justo sodales in. Nam non ante euismod, pretium magna sed, vulputate neque. Nullam ac risus mollis, viverra dolor sit amet, lobortis urna. Orci varius natoque penatibus et magnis dis parturient montes, nascetur ridiculus mus.</p>', 1, 2),
(4, 'Billions-Stars Hotel', '0.85500600 1578769760.4.jpg', '<p style=\"margin-right: 0px; margin-bottom: 15px; margin-left: 0px; padding: 0px; text-align: justify; color: rgb(0, 0, 0); font-family: &quot;Open Sans&quot;, Arial, sans-serif;\">Nunc pharetra ligula gravida sem rutrum consequat. In lobortis interdum mi, at maximus mi mattis ut. Suspendisse facilisis vehicula magna, in consectetur purus sagittis eu. Ut ornare, ex at elementum elementum, turpis orci porta sem, a venenatis ipsum ligula quis tortor. Donec in eleifend ante, vitae lobortis augue. Vestibulum id condimentum erat. Maecenas fermentum sodales elementum. Praesent vitae mi libero. Praesent a nisi sit amet ante tempor lacinia eu vel lectus. Maecenas velit arcu, viverra eu ipsum a, auctor vehicula augue. Integer sem tortor, rutrum sit amet erat a, pellentesque tempor nisi. Etiam eget finibus sem, sed cursus ante. Nam interdum vehicula lacus, et fermentum ipsum pulvinar vitae.</p><p style=\"margin-right: 0px; margin-bottom: 15px; margin-left: 0px; padding: 0px; text-align: justify; color: rgb(0, 0, 0); font-family: &quot;Open Sans&quot;, Arial, sans-serif;\"><span style=\"text-align: center;\">&nbsp;Integer auctor, justo ut fringilla finibus</span><br></p><p style=\"text-align: center; margin-right: 0px; margin-bottom: 15px; margin-left: 0px; padding: 0px; color: rgb(0, 0, 0); font-family: &quot;Open Sans&quot;, Arial, sans-serif;\">In in efficitur metus, mollis aliquam mauris. Integer auctor, justo ut fringilla finibus, nisi ante venenatis eros, in interdum nisl eros eu massa. Pellentesque habitant morbi tristique senectus et netus et malesuada fames ac turpis egestas. Ut eu luctus felis, vitae dictum nisi. Ut ac lectus fringilla, mollis lectus ut, fringilla ipsum. Vestibulum fermentum aliquam dui eu tincidunt. Mauris in pretium purus. In rutrum mi porttitor nunc finibus, in viverra ligula malesuada. Duis fringilla enim eget condimentum condimentum. Vestibulum ac lacus eu mi scelerisque interdum. Suspendisse volutpat quam pellentesque nisi dapibus tristique. Nunc laoreet felis at iaculis consectetur. Quisque ac enim mattis, sagittis urna ut, ornare diam. Fusce commodo suscipit neque quis tempor. Maecenas viverra, eros nec ultricies convallis, diam enim sagittis eros, nec porttitor leo leo vitae felis.</p><p style=\"margin-right: 0px; margin-bottom: 15px; margin-left: 0px; padding: 0px; text-align: justify; color: rgb(0, 0, 0); font-family: &quot;Open Sans&quot;, Arial, sans-serif;\">Integer eget diam vel turpis imperdiet blandit. Cras rhoncus lobortis ipsum. Mauris maximus sapien vitae nibh aliquet, et porta magna ullamcorper. Donec a libero ut neque auctor ornare sed nec purus. Integer bibendum felis mauris, quis tincidunt felis tincidunt et. Integer vulputate mauris blandit velit malesuada, quis sagittis metus pharetra. Fusce hendrerit nisl a ipsum fringilla, sed molestie tortor porttitor. Mauris facilisis, nunc nec hendrerit consequat, justo tortor commodo nunc, sit amet eleifend sem ligula accumsan enim.</p><p style=\"margin-right: 0px; margin-bottom: 15px; margin-left: 0px; padding: 0px; text-align: justify; color: rgb(0, 0, 0); font-family: &quot;Open Sans&quot;, Arial, sans-serif;\">Quisque hendrerit consequat tellus, a porta elit placerat vel. Donec diam arcu, convallis eget lectus ac, dapibus pretium mi. Sed vestibulum lorem augue, non ultrices odio maximus eget. Proin in dolor vel odio aliquam vulputate. Pellentesque feugiat, mi in gravida hendrerit, turpis eros facilisis massa, vitae dictum odio orci ac enim. Ut pulvinar faucibus maximus. Quisque eleifend feugiat risus iaculis accumsan. Integer non ornare diam. Cras nec quam eget elit suscipit feugiat. Nam ornare augue sit amet vehicula fermentum.</p><p style=\"margin-right: 0px; margin-bottom: 15px; margin-left: 0px; padding: 0px; text-align: justify; color: rgb(0, 0, 0); font-family: &quot;Open Sans&quot;, Arial, sans-serif;\">Etiam sed tellus enim. Praesent aliquet malesuada enim vitae hendrerit. Praesent ac tortor euismod, ullamcorper eros et, hendrerit massa. Curabitur consequat tristique ante in interdum. Morbi vestibulum fermentum blandit. Mauris pellentesque velit felis, ut tincidunt nibh viverra nec. Duis cursus venenatis orci ac cursus. Donec quis libero non dui bibendum ullamcorper. Fusce accumsan odio vel nunc fringilla, ac lacinia lacus dapibus. Mauris ornare maximus erat, vitae viverra mi vestibulum id. Nullam vel risus vel lacus congue semper. Nam quis nunc vel leo mollis congue non ac metus. Etiam condimentum viverra diam id fringilla.</p><p style=\"margin-right: 0px; margin-bottom: 15px; margin-left: 0px; padding: 0px; text-align: justify; color: rgb(0, 0, 0); font-family: &quot;Open Sans&quot;, Arial, sans-serif;\">Aenean accumsan nisi sit amet massa laoreet, ac vehicula nulla dapibus. Aliquam eu turpis id purus sollicitudin commodo. Suspendisse in tellus sem. Cras ac suscipit lacus. Quisque non urna leo. Curabitur ligula nisi, gravida sit amet tortor ac, vulputate condimentum magna. Aenean sit amet malesuada erat, ut pulvinar neque. Nulla justo massa, dignissim sit amet tortor semper, vehicula dignissim dolor. Sed facilisis augue vitae luctus interdum. Pellentesque quis est tortor. Pellentesque habitant morbi tristique senectus et netus et malesuada fames ac turpis egestas. Donec ut quam non massa hendrerit dignissim non in lorem. Aliquam sed ultricies felis, at maximus nisi. Integer et vestibulum sem.</p><p style=\"margin-right: 0px; margin-bottom: 15px; margin-left: 0px; padding: 0px; text-align: justify; color: rgb(0, 0, 0); font-family: &quot;Open Sans&quot;, Arial, sans-serif;\">In pulvinar tortor et congue pretium. Suspendisse non ex mi. Quisque dapibus congue viverra. Aliquam nec malesuada felis. Ut nec mi gravida tortor gravida eleifend ut eget tellus. Phasellus lacinia odio facilisis porttitor dictum. Ut pulvinar, nisl sed dapibus faucibus, ante tellus vestibulum nisi, a hendrerit enim quam a arcu. Suspendisse lobortis mi vitae velit vulputate, sed cursus leo facilisis. In nibh enim, sodales at maximus eget, hendrerit fringilla neque.</p>', 5, 3),
(5, 'Curabitur bibendum scelerisque', '0.32776700 1578769953.5.jpg', '<p style=\"margin-right: 0px; margin-bottom: 15px; margin-left: 0px; padding: 0px; text-align: justify; color: rgb(0, 0, 0); font-family: &quot;Open Sans&quot;, Arial, sans-serif;\">Cras odio urna, rutrum sit amet laoreet rhoncus, pellentesque ac ante. Quisque egestas lorem ut laoreet scelerisque. Mauris consectetur interdum urna. Quisque dignissim dui sit amet ullamcorper semper. Donec hendrerit nunc ac diam hendrerit, porta sagittis libero ultrices. Ut vel enim mattis, finibus elit at, ultricies libero. Quisque eu venenatis nibh. Quisque mattis arcu eu velit tincidunt elementum. Sed posuere fringilla pellentesque.</p><p style=\"margin-right: 0px; margin-bottom: 15px; margin-left: 0px; padding: 0px; text-align: justify; color: rgb(0, 0, 0); font-family: &quot;Open Sans&quot;, Arial, sans-serif;\">Aenean eget vestibulum erat. Proin odio mi, euismod at dictum quis, tempor eu dui. Morbi et ex in sapien condimentum finibus. Suspendisse volutpat tellus erat, in dapibus leo vestibulum in. Donec quis dui in libero rhoncus pharetra. Morbi sit amet pellentesque nisi, ut malesuada turpis. Sed a sagittis est, a congue mi. Nulla faucibus enim vel ligula vulputate gravida. Sed interdum, risus eget imperdiet fermentum, justo enim sollicitudin purus, vitae pellentesque nunc ante ut mi. Mauris at sodales neque. Cras fermentum eleifend nunc nec pretium.</p><p style=\"margin-right: 0px; margin-bottom: 15px; margin-left: 0px; padding: 0px; text-align: justify; color: rgb(0, 0, 0); font-family: &quot;Open Sans&quot;, Arial, sans-serif;\">Proin id porttitor erat, et vestibulum nisl. Lorem ipsum dolor sit amet, consectetur adipiscing elit. Pellentesque egestas leo et tristique ornare. In condimentum eu ipsum in dignissim. Nam nec tellus at tellus volutpat vestibulum. Donec eget tincidunt diam. Donec et risus vel sapien semper mattis sed at mi.</p><p style=\"margin-right: 0px; margin-bottom: 15px; margin-left: 0px; padding: 0px; text-align: justify; color: rgb(0, 0, 0); font-family: &quot;Open Sans&quot;, Arial, sans-serif;\">Nulla facilisi. Nulla maximus pulvinar porta. In rutrum erat nec aliquam mollis. Duis nunc tortor, molestie a ultricies eget, auctor quis dolor. Duis feugiat libero at porta iaculis. Vivamus eget ornare ante. Aliquam blandit urna eu placerat bibendum. Morbi porttitor sagittis purus, sit amet pretium est suscipit a. Mauris eget eros urna. Nulla facilisi. Curabitur bibendum scelerisque gravida. Nunc maximus, massa aliquam dapibus scelerisque, lacus urna congue justo, vitae varius lorem enim sed purus.</p><p style=\"margin-right: 0px; margin-bottom: 15px; margin-left: 0px; padding: 0px; text-align: justify; color: rgb(0, 0, 0); font-family: &quot;Open Sans&quot;, Arial, sans-serif;\">Aliquam erat volutpat. Vivamus ultrices nisl enim, quis tincidunt lorem viverra at. Maecenas in urna vel quam lacinia vestibulum. Curabitur tristique ultrices nisi, at ultrices leo imperdiet et. Maecenas iaculis sodales purus sed gravida. Etiam orci ipsum, tincidunt id vestibulum at, tincidunt quis nibh. Mauris placerat varius velit sit amet facilisis. Sed tempus, justo volutpat sollicitudin condimentum, augue nibh suscipit risus, in venenatis urna eros vel orci. Proin tempor viverra risus non pellentesque. Cras rhoncus id dui ac maximus. Nulla at nunc dolor. Proin rhoncus neque sed magna fermentum finibus ac nec purus. Etiam finibus turpis eu eleifend efficitur. Fusce sapien lacus, dictum pretium iaculis id, fringilla sit amet lectus.</p><p style=\"margin-right: 0px; margin-bottom: 15px; margin-left: 0px; padding: 0px; text-align: justify; color: rgb(0, 0, 0); font-family: &quot;Open Sans&quot;, Arial, sans-serif;\">Nunc viverra vehicula magna ac viverra. Maecenas non mi id nulla tincidunt dictum. Donec sit amet volutpat urna. Aenean elit nunc, facilisis nec sodales a, condimentum sit amet ante. Lorem ipsum dolor sit amet, consectetur adipiscing elit. Nulla interdum tortor lectus, id elementum mi condimentum vitae. Mauris nec leo diam. Nunc elementum nisl sodales dolor interdum auctor. Morbi non faucibus felis.</p><p style=\"margin-right: 0px; margin-bottom: 15px; margin-left: 0px; padding: 0px; text-align: justify; color: rgb(0, 0, 0); font-family: &quot;Open Sans&quot;, Arial, sans-serif;\">Pellentesque pretium viverra arcu ut convallis. Donec ac eros et sem blandit luctus. Etiam a felis urna. Vivamus vel fermentum justo. Morbi tempor scelerisque sapien, eu lobortis dui sollicitudin vitae. Donec condimentum, tortor quis sollicitudin ornare, quam magna pretium velit, quis aliquam metus arcu eu tellus. Vivamus viverra, nunc eget dictum mattis, lectus erat euismod orci, pretium sodales sem justo at erat. In aliquet ligula sit amet maximus rutrum. Pellentesque id facilisis ex, non ultricies urna. Quisque interdum scelerisque vestibulum. Integer dapibus molestie massa, in ullamcorper sem varius ac. Aenean ut aliquam tellus. Quisque mi augue, mattis sed ante a, finibus scelerisque purus. Nulla porttitor justo enim, at eleifend arcu fringilla at. Morbi ac dolor vel turpis malesuada pellentesque.</p>', 2, 3),
(6, 'Nam ipsum libero', '0.31720600 1578770059.6.jpg', '<p style=\"margin-right: 0px; margin-bottom: 15px; margin-left: 0px; padding: 0px; text-align: justify; color: rgb(0, 0, 0); font-family: &quot;Open Sans&quot;, Arial, sans-serif;\">Quisque lacinia dolor lectus, et vestibulum sapien bibendum ut. Nulla sit amet est libero. Sed elit quam, dignissim ut scelerisque sed, molestie vitae libero. Cras convallis arcu magna, congue finibus mauris lacinia sed. Donec facilisis maximus risus finibus auctor. Nulla tempor risus est, non venenatis mauris consequat non. Ut faucibus mattis feugiat. Cras tincidunt molestie lacus at condimentum. Fusce dapibus libero lacus, in pulvinar dui porta nec. Duis finibus non mauris vel maximus. Lorem ipsum dolor sit amet, consectetur adipiscing elit. Ut vel posuere nulla.</p><p style=\"margin-right: 0px; margin-bottom: 15px; margin-left: 0px; padding: 0px; text-align: justify; color: rgb(0, 0, 0); font-family: &quot;Open Sans&quot;, Arial, sans-serif;\">Aliquam ac urna vel ligula pretium elementum sed at lorem. Aenean suscipit mi magna, nec mollis ex placerat at. Donec at hendrerit sapien. Quisque aliquet elit libero, quis porta libero sodales eu. Praesent semper fringilla lacinia. Curabitur tincidunt maximus diam. Nunc nibh ex, vulputate non sem eu, semper convallis mauris. Integer rutrum neque fringilla vehicula dignissim. Morbi id justo auctor sem lobortis accumsan at et erat. Fusce urna mi, consectetur non mauris at, cursus sollicitudin felis. Fusce bibendum nisl quam, in gravida ex facilisis sit amet. Nullam ante massa, ullamcorper ac turpis ut, tempor gravida dolor. Donec mollis augue sed turpis fringilla scelerisque.</p><p style=\"margin-right: 0px; margin-bottom: 15px; margin-left: 0px; padding: 0px; text-align: justify; color: rgb(0, 0, 0); font-family: &quot;Open Sans&quot;, Arial, sans-serif;\">Donec mollis elit non dui dapibus, a varius erat sollicitudin. Vestibulum ante ipsum primis in faucibus orci luctus et ultrices posuere cubilia Curae; Sed sodales pretium libero, at feugiat lacus commodo vitae. Phasellus sit amet urna mi. Donec efficitur tempor massa. Integer consectetur mauris quis nunc finibus, non feugiat libero porta. Phasellus sagittis eleifend dui, non pharetra tortor faucibus et. Morbi convallis vitae massa at faucibus. Vestibulum porttitor, dolor at aliquet fermentum, justo augue ultrices leo, tempor blandit turpis metus sit amet tortor. Suspendisse commodo blandit lobortis. Suspendisse non turpis rutrum urna faucibus hendrerit. Pellentesque habitant morbi tristique senectus et netus et malesuada fames ac turpis egestas. Nam scelerisque at erat vel cursus. Donec quis lorem enim.</p><p style=\"margin-right: 0px; margin-bottom: 15px; margin-left: 0px; padding: 0px; text-align: justify; color: rgb(0, 0, 0); font-family: &quot;Open Sans&quot;, Arial, sans-serif;\">Sed rhoncus dictum diam, eget luctus lacus sodales vitae. Sed justo diam, pellentesque consectetur erat a, tempor sagittis nisi. In rhoncus, nisl non aliquam tempus, turpis massa viverra neque, sed efficitur lacus urna id risus. Cras congue rutrum tellus at euismod. In vitae neque faucibus, varius nunc a, bibendum risus. Nam ipsum libero, ornare ac nunc volutpat, semper placerat est. Donec ut gravida risus, sed facilisis dolor. Cras varius lacinia tempor. Suspendisse luctus felis elementum, volutpat urna euismod, luctus nisi. Aenean vitae lorem a mauris euismod luctus. Integer urna leo, volutpat tristique nulla nec, scelerisque fringilla risus. Praesent vel malesuada nisi. Interdum et malesuada fames ac ante ipsum primis in faucibus. Interdum et malesuada fames ac ante ipsum primis in faucibus. In ornare erat id felis aliquet vulputate.</p><p style=\"margin-right: 0px; margin-bottom: 15px; margin-left: 0px; padding: 0px; text-align: justify; color: rgb(0, 0, 0); font-family: &quot;Open Sans&quot;, Arial, sans-serif;\">Donec ut lacus et sapien condimentum viverra. Duis lacinia sed dolor quis ornare. Duis est quam, convallis et tortor eu, sollicitudin tincidunt magna. Lorem ipsum dolor sit amet, consectetur adipiscing elit. Nulla facilisi. Nulla dictum lacus mattis justo sagittis rhoncus. Donec at lorem in massa luctus tempus. Vivamus mattis tellus id mollis efficitur. Phasellus vitae justo malesuada, scelerisque lectus in, suscipit ipsum. Suspendisse potenti. Mauris quis finibus velit, auctor rutrum dui. Ut ac pulvinar nisi. Nullam quis mauris eu lorem consequat dignissim. Sed vulputate tortor magna, nec finibus nunc tincidunt eget. Fusce dignissim sem quis eros blandit tincidunt. Nulla facilisi.</p><p style=\"margin-right: 0px; margin-bottom: 15px; margin-left: 0px; padding: 0px; text-align: justify; color: rgb(0, 0, 0); font-family: &quot;Open Sans&quot;, Arial, sans-serif;\">Sed vestibulum, magna id bibendum vehicula, nisi ante lobortis nisi, id vulputate sem nulla eget nulla. Curabitur sagittis justo non lacus blandit, eu pharetra purus venenatis. Maecenas porttitor, dui eu maximus condimentum, metus magna efficitur odio, nec aliquam est est eu ipsum. Morbi ac feugiat purus, ut placerat elit. Maecenas sagittis elit scelerisque lorem dignissim pellentesque. Aenean id lorem vel sapien gravida dapibus ut nec dui. Lorem ipsum dolor sit amet, consectetur adipiscing elit. Duis sapien nunc, dictum nec porttitor sit amet, fermentum id enim. Curabitur luctus efficitur leo eu euismod. Fusce metus leo, semper ut viverra non, porta quis orci. Maecenas accumsan ante tellus, vitae accumsan lorem dictum a.</p><p style=\"margin-right: 0px; margin-bottom: 15px; margin-left: 0px; padding: 0px; text-align: justify; color: rgb(0, 0, 0); font-family: &quot;Open Sans&quot;, Arial, sans-serif;\">Vestibulum volutpat, magna nec convallis vehicula, magna orci elementum est, non rhoncus nulla sapien ut erat. Duis venenatis, turpis quis cursus vestibulum, augue purus sodales nibh, id accumsan elit nisl quis enim. Nam ut tristique ex. Sed aliquam risus elementum est eleifend accumsan. Morbi nisl turpis, eleifend nec mi nec, egestas mattis dolor. Phasellus metus eros, dictum vitae commodo ac, condimentum id leo. Ut dolor ex, tincidunt dapibus odio ac, cursus laoreet magna.</p>', 7, 3),
(7, 'Ocurreret conclusionemque', '0.15826800 1578771070.7.jpg', '<div>Eos justo accusam efficiantur ei. Id cum debet habemus iracundia, at vim ignota libris vituperata. Ea facete feugait gloriatur duo, id etiam quando vix. Dicit imperdiet et cum. Sale adversarium id qui, unum fuisset mnesarchum usu in.</div><div><br></div><div>Mediocrem splendide has in! Vitae insolens iracundia in qui, an natum facilis neglegentur cum, te eos case legere? Ei pri assum nonumes voluptua, ut nam homero impetus, nec animal integre partiendo at! Eos no dicat feugiat assentior, has numquam eligendi consectetuer et? Ne eum legere aperiri assueverit.</div><div><br></div><div>Iriure pertinacia id duo, incorrupte complectitur te sea, eu vide persecuti vel! Eruditi impedit habemus at nec, elit liber vocent quo ad. Ex agam nulla viderer nec, eu aeterno graecis sed? Soleat labore electram ea per, vim id eripuit necessitatibus, mel eu bonorum definiebas.</div><div><br></div><div>Id nonumy postulant necessitatibus nam, te vim harum equidem delectus. Pri amet laoreet in. Per ex ullum omnesque. Id duo omnium persius accommodare, in mei iusto admodum. Eam cu mucius fuisset.</div><div><br></div><div>Tale officiis ea pro, ne tota tempor scripta has, nec fugit ullamcorper definitiones no. Cum forensibus omittantur id, ut salutandi definiebas pri, duo alii suas eu? Id duo ubique semper denique, omnis nobis oratio per no. Id ius quot forensibus scribentur, in pri choro principes, alia erat quo te? Ut bonorum labores rationibus nec! Tibique electram pri cu. An nam consetetur theophrastus interpretaris!</div><div><br></div><div>Errem adipisci cu nam, sanctus indoctum vulputate qui ut. Sit sumo ceteros et, duis appetere patrioque te eos. Habeo dolorum antiopam in sea, mel ullum option in. No usu volumus tibique, sit debitis efficiendi reprehendunt eu. Usu cu ridens convenire, mentitum nominati consectetuer usu ex!</div><div><br></div><div>Bonorum prodesset no pri, eum quod neglegentur no, te quo quod esse antiopam. His et quot senserit intellegat, vel cu porro inani placerat, vis omittam tacimates ei? Te nec delectus consequuntur, qui no dicam assueverit! Et movet quaestio per, at nec alia etiam soluta. Has id perpetua expetendis, pri dictas habemus eu!</div><div><br></div><div>Ut usu modus volumus, vis at feugiat pericula? Sale feugait ocurreret at nec, ullum phaedrum at nam. An has dicat legere accumsan, nostrud epicuri patrioque ad his? Te pri esse facilisis, eu quo probatus tractatos? Usu id paulo quodsi, eam cu maiorum imperdiet deterruisset. Vel no iriure regione dolores, aperiri percipitur sed eu, mollis viderer pertinax mel at?</div><div><br></div><div>Moderatius interesset dissentiet ut mea! Te pro erat oporteat conceptam, partem commodo sed ad. Commune expetenda et eos, oportere accommodare mediocritatem ei sit? Te tollit pertinax eos, vidisse intellegebat te sit? Quo discere utroque ad, no docendi expetendis duo, his patrioque conclusionemque et.</div><div><br></div><div>Velit euismod lobortis pro eu, et solet senserit intellegam vix, quot essent an vel! Sit ignota invidunt contentiones in, an habeo maiorum antiopam vel? Tempor iriure usu eu, eum in stet wisi veniam, vis ut inermis petentium. Ut sit ignota prodesset deterruisset, qui prima pericula et, id eos affert vulputate?</div><div><br></div><div>Ex qui prima nullam sensibus, nibh putant vix ea, et ornatus noluisse detraxit vis! Probo cetero eripuit qui ad, et malorum inciderint nec! Nam ipsum meliore imperdiet at. Mei ignota elaboraret cu?</div><div><br></div><div>Vide detracto ei eam, ex eam diceret eripuit senserit. Ad choro omnium quaeque vix. Modo natum mea at, et idque oratio salutandi duo, ad autem vituperata contentiones eam. Ius in quaestio persecuti? Sumo postulant sententiae id nam, cu vim veri posse liber?</div><div><br></div><div>Choro graecis te his? Sea id prima democritum cotidieque. Eam id brute fabellas, id mel reque aperiri vituperatoribus. Rebum erroribus concludaturque cum at, agam quot aliquid eam in.</div><div><br></div><div>Appetere inciderint appellantur at vis. Meis equidem scripserit his ad. Id mel eripuit efficiendi, ad partem malorum vim. Has esse salutandi hendrerit eu, vim eu invidunt indoctum conceptam, error repudiare laboramus ne mea! In inani sonet putent sea, vel cu utinam habemus scripserit.</div><div><br></div><div>Eu enim fastidii est. Mei ne rebum liber, eum laboramus adolescens ea. Pri denique omnesque no, ne doctus concludaturque mea! Fugit abhorreant ut nec, feugiat hendrerit pertinacia cu mea? Sea ut duis consetetur, quot definitionem vim et, munere bonorum hendrerit has ea. Eu eam tritani ceteros civibus, at iusto eripuit eos. Sea timeam nominavi ut, his ad probo clita dolorem, eam in nihil comprehensam.</div><div><br></div><div>Per no senserit democritum. Est diam ipsum oratio id, dicat appareat has ad, et duis vidisse pro. Partem debitis laboramus eam ea, ei pri graece noluisse salutandi, te nulla clita denique eos! Quo mucius feugiat definitiones at, natum nostrum eu sea, te per viris scribentur. Latine petentium eu per, usu et errem salutatus. Ea eam pericula sapientem accommodare. Est autem dicunt discere id, ne duo oratio consequat consectetuer.</div><div><br></div><div>Ne usu mutat honestatis, scaevola disputando ius id, tantas expetendis te sea. Vix vocibus corrumpit id. Ad his modus nusquam tibique, an possit equidem cum. Nam et dicant vivendo adipisci, in clita apeirian mel, vim et cibo tollit.</div><div><br></div><div>Porro latine pri id, an quem vide dissentiunt per! Omittam principes et pro, tacimates volutpat expetendis mei ea, illud dolorem no vel? Enim expetendis te ius, nihil imperdiet sit ea, ea cum augue reprimique! Debitis suscipit hendrerit ex per, altera graeci nam ad.</div><div><br></div><div>Ut eos graeco corpora probatus, vero sale an cum. Ut sint torquatos usu, no discere expetendis nec. Cetero omnesque vel ei! Ei sed malorum officiis. Putant vidisse veritus ea vel, ius ex solum volutpat pericula.</div><div><br></div><div>Mel at modus ubique aliquip, iisque contentiones sea ne? His an offendit phaedrum intellegam, doming volutpat vis ne! Vis id propriae assentior percipitur, sed ut ubique fabellas. In dicant inermis mentitum eum.</div><div><br></div><div>Et posse saepe democritum qui, pri eu vivendo aliquando! Munere aliquam recusabo est at, et viderer labitur interesset cum? Duo agam dicam in, ei velit suscipit invenire quo. Laudem impetus menandri eam an, sea nemore nostro nominati in, ei mollis intellegat vis. No utamur deleniti corrumpit ius.</div><div><br></div><div>No ius populo quaeque, fuisset posidonium eu sea. Tincidunt mnesarchum duo no. Vix tollit semper dicunt an, ea dicat euripidis democritum sit? Eu option repudiandae qui!</div><div><br></div><div>Ei decore impetus debitis cum, in aeque viderer inermis ius? Ea appareat legendos mei? Soluta intellegebat mel id? Id aeque fierent pertinacia nec, nonumy denique eu mea, movet cetero no eos ea.</div>', 5, 6),
(8, 'Nemore vivendo', '0.18784100 1578771226.8.jpg', '<div>No est aeque legimus luptatum, vis ut facer eleifend consulatu! Oratio volutpat laboramus mei ea, falli laoreet consequuntur ea eum, ne vel veniam intellegat? Ex per appareat erroribus dissentias, mei affert oportere an, ei sea simul torquatos. Clita nostrum delicata id sea, te cum dignissim adversarium, graeci molestiae eum in. Ex per animal molestie recteque, vix corpora luptatum ea! Pri cu sumo elit virtute, nisl delenit ad vim.</div><div><br></div><div>Eu vix viris iuvaret? An mutat nemore vulputate sit, altera audiam scripserit ei sit. Graece minimum intellegam ius ut. Sed ne tation viderer conclusionemque, at vulputate deseruisse mei? Est et purto denique, id perpetua oportere pro?</div><div><br></div><div>Te vis duis novum paulo, clita fabulas per ei. Vivendum deseruisse voluptatum vim cu. Dolor nostro postulant ut his. Consul erroribus vim te, duo labore aliquam copiosae in! Ad vim facete dictas omittantur.</div><div><br></div><div>Eos cu eligendi placerat dissentias, errem clita vis ei, ei eleifend corrumpit eloquentiam vel. Ea has omnis scripserit? Duis tacimates sea ut, ceteros mediocritatem eum id, liber dolore postulant est ad? Ne vim modo nihil pericula, in molestiae intellegat nam, sit ubique noster eloquentiam ea. At gloriatur forensibus sea, ignota veritus an has?</div><div><br></div><div>Sit putent petentium ea, appellantur complectitur ea mei! Suas sonet sea cu, ius eu aliquip nostrud. Eam quodsi suscipiantur ei, nam rebum dicam vidisse ut! Periculis persecuti duo at, mel repudiare reprehendunt in! Deserunt disputando eam ad?</div><div><br></div><div>Nemore vivendo mediocrem sed ut, sed an unum platonem maiestatis, has quando veniam te. Discere feugait consulatu sea no, at nostrud gloriatur mediocritatem has. Ridens argumentum duo at, mel ad aeterno sanctus. Quaestio concludaturque ius an, quo oporteat voluptatum voluptatibus ut! Pri cu velit everti bonorum, movet commune consequat vis te, cu primis scribentur duo.</div><div><br></div><div>Nam cu qualisque pertinacia. No mel posse novum, in sed meis denique adversarium, mei no oblique periculis signiferumque. Vidit soluta perpetua vix et, ludus adversarium no mei! Corpora assueverit vis cu, ad cum erat contentiones, est ex mucius elaboraret.</div><div><br></div><div>Doctus fierent salutatus ex mea, per ei deserunt explicari, dico reque pertinacia sea ne! Eum luptatum legendos dissentias ex, cu nam minim nonumes, atomorum eloquentiam reprehendunt pri ne. Ex mei quot legimus atomorum, consul rationibus ne sea. Tollit melius percipitur nam eu, duo homero minimum salutatus eu, vel error elitr vituperatoribus ea!</div><div><br></div><div>Has an alii democritum, quodsi detraxit cotidieque mei et, sanctus docendi est no? An malis utroque suscipiantur has, eam an timeam democritum interesset, ex mei reque partiendo? Nec purto invenire dissentiet eu, dolore maiorum scribentur ei cum. Eu saepe malorum sit, has te suas viderer assueverit? Everti audire euismod vis at, veniam labore eu eam.</div><div><br></div><div>In eam cetero inciderint! His impetus posidonium concludaturque ea, debitis reformidans consectetuer vix cu. Odio mollis nec ut. In mel case fuisset hendrerit, cu alienum salutandi adversarium qui, nec option latine oporteat eu? Cu corpora dissentiet vituperatoribus quo, doctus habemus cu mel.</div><div><br></div><div>An purto legere inimicus has. At iudico iudicabit his, est regione maiorum at! Cu perfecto qualisque efficiantur pro, clita tibique deserunt in ius, alia aperiri voluptatibus ad has. Eos sint labores expetenda ne!</div><div><br></div><div>Labore expetendis eum eu, cu per diam scripserit. Eos ut natum inciderint definitionem, mel illum zril fabellas eu! Ut mei scaevola mediocritatem. Vis nonumes electram id?</div><div><br></div><div>Sea et adversarium suscipiantur, suas persius atomorum cu qui, eu eam dicat mnesarchum disputando. Illum copiosae consequuntur ea eum, quas definitiones est at, ferri oblique eum an? Id mel deserunt pericula, ponderum incorrupte ea eam! Pro at molestiae reformidans intellegebat. Eu sea nominati temporibus, agam falli ponderum no quo? Usu tantas ridens ne, ne wisi porro explicari ius, sale eruditi ei sea.</div><div><br></div><div>Postea doming laoreet sea eu? Ut antiopam dissentiunt eum, id alia dicta tempor sea? Mel mentitum sensibus cotidieque cu, has novum legere detracto ex? Duo solum animal in, vel elitr dolore adipisci et? Usu ei odio falli sensibus, ne mei cetero menandri sapientem, mel an harum petentium.</div><div><br></div><div>Eros adversarium mea ei, vel noster ornatus postulant at, qui an tamquam facilisis persecuti? Illum ullum disputando pri id, sea albucius rationibus ut, illud postulant dignissim qui ex. In vim nobis primis, ne tritani iuvaret probatus per. Diam alterum salutandi cu est, ad pri causae dolores.</div><div><br></div><div>Ea his dicat pericula, vim cu natum everti dolorum. Eum tota convenire urbanitas at. Sit an rebum legimus conceptam, ea sea homero latine legendos, an falli civibus accusata usu? Sea cu vidisse aliquam efficiendi, erat neglegentur usu ut, veniam molestiae ei usu? Mei munere ceteros te! Ad partem soluta epicuri eam!</div><div><br></div><div>Dico posidonium ut eos, noster noluisse an per, no munere complectitur contentiones est? Duo te reque referrentur, bonorum conceptam id pri, ea vidit diceret patrioque qui. Te eros elit quaeque sed! Putent habemus democritum eu cum? Sit tale abhorreant assueverit an.</div><div><br></div><div>Wisi primis mea eu, has ex atomorum dissentiet. Consulatu molestiae cu sea! Sea cu mazim paulo graeco, ut molestiae gloriatur per, pri ex mutat iudico soleat? Omnium facilisis nam ei! Inimicus expetendis repudiandae sea ad.</div><div><br></div><div>Vel sumo iudico repudiandae in, eius feugiat fabulas vix te. Quo putant praesent conceptam eu, ut dolore sensibus elaboraret pro? Eos dicat dissentiet ex? In vis delenit civibus accusata! Te eius disputando qui? Sanctus splendide ius ex, verterem maluisset concludaturque et eos, mea nulla semper cu. Ad his errem insolens, copiosae quaerendum quo ut?</div><div><br></div><div>Tota temporibus eos ei, est no quando percipit, pri in elit legendos laboramus. Dolores consulatu rationibus eu ius, ad duis suavitate rationibus mel, verterem prodesset scripserit sit ea! No duo causae ancillae senserit, at his choro putent blandit, aliquid dissentiet est in! Cetero intellegam sit ne, has te odio ubique noluisse? Mei prima vocent qualisque an, sale inani pertinax ad vix! Dico habeo necessitatibus cum cu, vis legimus appetere sadipscing eu? An ius vocibus lucilius probatus?</div><div><br></div><div>Porro copiosae appellantur at usu, in doming vivendum has? Ad usu minim platonem quaerendum, in duo nostro periculis reprehendunt. Sea ex ludus tation, in dicat iudico vel, eum ut eirmod accusamus reformidans. Mea ne partem fabulas erroribus, sea te alia saepe appareat? Et liber noster qui, cu mei ferri legimus dissentiunt? Ex eos noluisse philosophia, no singulis facilisis consequat.</div>        ', 4, 7);
INSERT INTO `posts` (`id`, `title`, `photo`, `text`, `id_category`, `id_user`) VALUES
(9, 'Aeque tempor ut eum', '0.99676900 1578772080.10.jpg', '<div>Ei has veri vitae accumsan. Ius in unum intellegam, utinam melius mnesarchum eos eu. Nam at nisl complectitur. Labore suscipit pri te, atqui populo necessitatibus nec in, quo appetere verterem definitionem et. Detraxit deterruisset ad vix, nihil quando vituperatoribus ad est, ex sea amet probo? Vim natum prompta platonem no, no sea maiestatis sadipscing!</div><div><br></div><div>Ornatus dissentiunt et qui, tota insolens hendrerit no ius, ius nemore numquam vivendo id. Aperiam complectitur quo cu, eos malorum salutandi expetenda ex, usu quas nostro ne. Ei vim putent fabulas scribentur, detracto consetetur ullamcorper pro ne, his diam vide accommodare ad. Usu doming latine similique ex, mel ut dicit reprehendunt, usu id assum primis!</div><div><br></div><div>Vitae bonorum sententiae cum ex, no vel diceret fabulas efficiendi, duo fastidii lobortis vituperatoribus cu. Pri tollit moderatius te. Utinam qualisque urbanitas cum ut, nec eu sint bonorum temporibus? At pri debitis nostrum assentior. Mel ex menandri intellegam neglegentur.</div><div><br></div><div>Intellegam interesset id nam. Mei ut doming nusquam principes, te ius tollit postea habemus. Sea facilisi aliquando et. An est pertinacia voluptatibus. Eu has atqui dignissim?</div><div><br></div><div>Cu omnis facete vel, ei modus commune per, sit verear audire ad! Harum ignota deserunt eum ex, qui ei option ocurreret. Nam antiopam mediocritatem cu, at laudem dolorem constituto eum, pro idque consequat percipitur cu. Dicat tempor senserit cum at, at sed porro liberavisse. Ad has summo populo nostrud. Sed te detracto intellegam, duo cu mutat molestie assentior.</div><div><br></div><div>Convenire pertinacia vituperata sed ex. Est ea aperiam delenit voluptatibus, numquam imperdiet necessitatibus ea has. Vide propriae cotidieque pro ad, ne his minimum copiosae. Intellegat voluptaria cu vix, dicam tollit repudiare eam at! Eius melius usu ad.</div><div><br></div><div>Duo case quando expetenda no, mediocrem scripserit cum cu. Numquam philosophia ad sea, pri sensibus deseruisse no, ut qui quaestio patrioque persequeris. Noluisse volutpat repudiandae an quo, illud volutpat ex duo. Qui diam ridens ocurreret et, quo at dicam pericula.</div><div><br></div><div>Vel ubique option ex, eu sed doctus vocent platonem? Mea aperiri detraxit intellegebat ea, assum ridens mediocritatem vix ex. An has cetero invidunt constituto, ad usu minimum scribentur. Quo oratio nonumes detracto ea. Ut tation eirmod per, cum virtute inciderint et.</div><div><br></div><div>Ei admodum hendrerit per, nec et agam ocurreret. Ex mei prima scribentur, eu amet ignota eligendi quo. Te fabulas praesent euripidis duo, eripuit impedit eum in! Ex fugit alienum oportere sit, quidam iuvaret vis no! Mel volumus abhorreant moderatius id.</div><div><br></div><div>Pro an tibique iudicabit, id quem scaevola necessitatibus his. Ut doming insolens principes has, ea vis sonet tempor invidunt. Vis ex natum posse nonumy. Eu eos virtute perfecto accusamus?</div><div><br></div><div>Enim lorem vim in, no ullum intellegam per. Usu scaevola honestatis at! Sea et hinc virtute adolescens, cu quodsi similique eos. Vim cibo liber ullamcorper ex! Ne eos autem sonet! In illum constituam cum?</div><div><br></div><div>Te partem accusata reformidans nec, est inani maluisset an. Cum cu dico adipisci, alia causae petentium vis ex. Audire nostrud expetendis vis no. In his tritani urbanitas signiferumque, pri clita possit cu. Sea ex euismod labores pertinax, simul gloriatur ne usu.</div><div><br></div><div>Quo ei movet inimicus, in aperiri corpora suscipiantur qui, labore omittantur adversarium et vis. Id graece populo vel, atqui torquatos intellegebat ne ius. Incorrupte mediocritatem conclusionemque mel et, cu duo habeo veritus? Ut vim omnium viderer recteque, mea forensibus contentiones at, has dissentiet reprehendunt ex! Euismod principes ius eu, mutat facilis probatus cu vis, cu mel fastidii noluisse voluptatum!</div><div><br></div><div>Id eum partem audire complectitur. Est in possit oportere consectetuer, ne sale accusamus referrentur sea, no eum suas facete suscipiantur. Eam ei novum quaeque appareat, mundi indoctum cum an. Mea in scripta perpetua, viris iuvaret in sed. Fabulas placerat duo ad, qui cu inermis omnesque. Ad quo mollis persius.</div><div><br></div><div>Mei moderatius necessitatibus ea, no usu altera corpora, denique aliquando et mel? Ut eam amet nominavi, integre detraxit cotidieque pri id, in duo mutat delenit theophrastus. Nec ex alia sonet suscipit, malis nominavi ad cum? Wisi perfecto scriptorem et nec.</div><div><br></div><div>Mei ei viris tacimates vulputate, sint principes liberavisse nam et. Quando eripuit reformidans quo ei, sea et tation labore eripuit. Te consulatu molestiae mei, augue intellegam id sit! Minim recusabo referrentur nec no, probo vivendum patrioque his ut, latine nominavi ex mel.</div><div><br></div><div>Sed ad habemus posidonium reprimique, soluta corpora hendrerit duo ea, te per everti oblique atomorum! Per in blandit commune, ex option intellegat qui. Ei vel nobis nostrud convenire, equidem oporteat id his. Ad ius ipsum consequuntur. Altera vidisse complectitur ne ius?</div><div><br></div><div>Sed honestatis scribentur at, mel id justo facete oportere. Cum legimus recteque interpretaris ne, elitr alienum nam no, ei novum homero has! Malis graecis delicatissimi ad usu? An his nonumy ubique, te interesset liberavisse quo! Modo graeco labitur eu sit.</div><div><br></div><div>Eu ignota legimus vituperata vel, eos enim accusamus prodesset ne, nec ad nibh reque. Pro id libris nusquam! Ut vix praesent iracundia contentiones! Id postea constituto pro, cu elit veri abhorreant ius, est et liber electram. Vidisse consequuntur est no. Habeo homero eos ea, an sea graece ceteros tibique.</div><div><br></div><div>Pri vivendum probatus ea, mazim deleniti complectitur est id, no has utamur ornatus nusquam. Sed menandri incorrupte mediocritatem ea, mel ei tation audire sadipscing, dicant dolore no quo! Nec eirmod fabulas antiopam ut, ea animal repudiandae mei. Eam no porro menandri, pro mucius delectus senserit ea! Ut justo aperiri gubergren eam, te laudem feugiat deleniti vel, nec ei audiam mentitum facilisi.</div><div><br></div><div>Ea partem option per, ei nam causae theophrastus. Diam minimum deterruisset ut vim. Tantas numquam pro cu. Timeam convenire te pri, nisl graece molestiae sea eu, ex has vero simul! Ad partem mediocritatem pro! Ei labore intellegam theophrastus vel, sea noster oporteat in?</div><div><br></div><div>Nam utinam accusata incorrupte ne, quo primis melius an. Pericula constituam te quo! Mea cu probo assentior, sea eu libris qualisque sadipscing, qui in delenit habemus denique. Te quot nihil antiopam qui, vidit petentium vis ut, everti prompta delicatissimi ad sit! Ad novum vivendum usu!</div><div><br></div><div>Sed eu tempor graecis habemus, congue omnium integre ex mea! Eos feugiat corpora te, ne quot cotidieque est. Vis malis mucius nominavi in. Detraxit mediocritatem per ei, eum populo iudicabit ei?</div><div><br></div><div>Duo ad erat minim similique, pri.</div>', 3, 9),
(10, 'Modus tibique', '0.16657600 1578772451.11.jpg', '<div>Quot definitionem ut mea, id dictas officiis fabellas pro. Ad voluptua splendide dissentiet eam. Nam equidem mandamus dignissim ea, ius case detraxit cu, vis maiorum comprehensam et. Nibh case salutatus eu pro. Est at perpetua vituperata consectetuer, quodsi detraxit patrioque sed ne!</div><div><br></div><div>Usu in hinc partiendo, possit tamquam malorum no mel, vidit omnium mea no! Falli debet graece duo no, lorem minim at vim. Duo ea dicam eripuit perpetua, nemore facilisis interpretaris no quo. In prompta fabellas sea, etiam dicit pri cu, oratio ignota aliquid at pri. Mea at magna eirmod gubergren!</div><div><br></div><div>Modus tibique maluisset vim ea, deleniti percipit nam te. Eum equidem vivendum ne, sed modo eligendi ad. At malis tibique patrioque pro, ei tamquam discere mentitum sed? Pro id ullum salutandi, dicam maiorum eu sed, mundi perfecto mei ad? Eu eripuit platonem est, ad vim posse pertinacia vituperata, dico menandri perpetua ius ne.</div><div><br></div><div>Ius ex suscipiantur deterruisset, diam autem consetetur ad nam, ea vix exerci debitis concludaturque? Nisl soluta graeco ne ius, ei has quas appetere inciderint. In dolore assentior sententiae vim. Nec prima mundi deterruisset et, cum probatus insolens te, no mel choro dolores. Ferri illum liberavisse te vel, voluptua epicurei adipiscing pro ei, qui porro graece admodum ei!</div><div><br></div><div>Ea illum inani eam, ad qui aliquid prodesset, sea et partem apeirian convenire? Dicta nulla usu eu, id error mollis referrentur nec. Ad sanctus repudiare eum, quis erat graece qui id. Omnis brute verterem eos ex, unum indoctum mediocritatem te eum, mea hinc oporteat oportere ea. Cu debet fabellas pertinax nec, iusto eligendi nam te, cum cu vocent eruditi omittam.</div><div><br></div><div>Eos ea novum libris, ad per debet vocent. Te natum adipisci intellegam vix, mel graece timeam erroribus cu? Feugiat dolores in quo, et sea lorem imperdiet intellegat, nonumy graeco tractatos mei cu. Ne eam augue docendi scriptorem. Vide velit volutpat sit ex, ex nullam abhorreant duo?</div><div><br></div><div>Id vis audiam pertinax honestatis, ius ex elitr prompta honestatis? An meis expetenda eum. Ex legimus deserunt nam, oporteat insolens sententiae eam te, eu eos oblique partiendo? Quidam percipit eos eu. Pro volutpat consequat cu. Sed ad natum possit contentiones, an vim putant veritus forensibus. Dico commune cotidieque ei sea, sed ne viris possim invidunt, solet legere elaboraret eu sit.</div><div><br></div><div>Ut sed dico aliquid lucilius, et elitr aliquando cum. Eum ex nulla molestie platonem, id duo quot prodesset. Ignota disputationi ad eum, equidem impedit te eos! Duo indoctum scriptorem deterruisset cu, at sit suas facete alterum, mei et scripta appellantur.</div><div><br></div><div>An dicta legimus vocibus per. No assum adolescens sed. Mea id facete numquam efficiantur, sea ne possit placerat, pro et oblique propriae. Cu dolores accusamus vim, eam ex graeci laoreet appetere. Vis ut duis soleat abhorreant, vix eros veri in! Nominavi rationibus id cum.</div><div><br></div><div>Nemore invidunt periculis sed ut. Cetero prompta appellantur sit cu, oporteat sapientem euripidis vix ut, eos ex populo timeam mediocrem. Ne essent aeterno eam. Civibus eloquentiam appellantur an eos, te vix idque maiestatis, probo aperiri fabellas nam at. Porro affert sea in.</div><div><br></div><div>Fugit offendit pro ex? Vel in eius timeam, per no denique repudiare sententiae. Diceret consequuntur te sed, et per graece legimus? Vide dicant corrumpit ex vel, zril oporteat in his. Causae disputationi no ius, vel te pertinacia vituperata.</div><div><br></div><div>Aliquam pertinacia eum no. Vix copiosae philosophia ex! Ius eleifend disputationi ad. Ea dicant urbanitas nec? Ea vel quidam expetendis, et sumo posse posidonium pro, habemus singulis ei duo.</div><div><br></div><div>In perfecto prodesset duo. Ut duo philosophia conclusionemque, has dolore aliquip suscipit eu. Nibh nonumy definiebas mea ne, te noluisse ponderum usu. Ad vis omnes dissentiunt! Tamquam saperet interesset ne sea? Sea in facer sensibus repudiare, mel sumo vero et? Ea liber fabellas vix, eu quo definiebas interpretaris.</div><div><br></div><div>Nec ei nisl natum eligendi! An everti labitur has. His an omnium assueverit accommodare, ne eam soleat populo maiorum! Solum dolor vivendo nam ex, praesent elaboraret ad mel!</div><div><br></div><div>Iudico commodo tritani te vim, pro et tota platonem praesent? In qui dico noluisse contentiones, prima elitr atomorum id pro! Ex pri mundi graeco sensibus, magna perfecto an quo, stet voluptaria his no! Mei an brute nullam convenire, no per sale laudem. Eu duo feugait nominavi pertinacia, purto possim veritus et sit, ius ne labore audire salutatus. Stet mnesarchum qui te.</div><div><br></div><div>Id mel ferri aliquando persecuti, error homero euismod et nam, sed ei eros ullum! Elit dolores at has, quo solum ponderum cu, odio vitae duo ea. Cu semper inimicus petentium sit, te alterum fastidii inimicus nam! Eam sonet nobis utamur at, modo signiferumque mediocritatem ex per. Ius et euripidis urbanitas! Te eos movet legere, pri no scripta dolores? Duis expetenda cu qui, graecis contentiones pro ad, eu pro modus ullum consectetuer.</div><div><br></div><div>Sint menandri sit ei. Has nisl summo in, qui harum sonet urbanitas eu! Ex etiam summo sit. Ad bonorum gloriatur eum, sale soleat eu eos. Sea eu magna augue delenit, cum at simul oporteat gloriatur!</div><div><br></div><div>Errem dicunt eu nec? Sea no illud elitr, ne his efficiendi deterruisset. Cu vis decore nonumes eloquentiam, lucilius dissentias ne his! Dicant graeci omnesque pri eu, bonorum forensibus id mel.</div><div><br></div><div>Essent similique an nam, an eros nulla inimicus sea? Tamquam luptatum dignissim an per, pro tation urbanitas ne, putant fierent sed ut. Vivendum patrioque comprehensam ex mea, ei lorem albucius suavitate vel. Et mel dicam doctus appellantur. Et sanctus singulis mei, mel ea sale voluptaria vituperatoribus? His mucius aeterno cu, eam ei sale euripidis percipitur!</div><div><br></div><div>Mel in aeterno probatus, soluta insolens et usu, putent propriae fabellas cum ea. Eu partem numquam tibique his, ea lucilius persecuti disputando ius, zril numquam dolorum ut vis! Ea sit sanctus moderatius, ad elitr aliquip nam. Voluptua singulis principes sea ea? Argumentum efficiendi intellegam nec eu, pro no wisi ignota epicuri. Ea duo populo detracto partiendo, ea molestie fabellas persecuti ius, est cu erant elitr fuisset.</div><div><br></div><div>Quaeque prodesset consectetuer an sit. In meis putant ponderum has, his te omnis tantas causae. Te pri sonet impetus accumsan, nonumes gloriatur pri an! No clita labitur appareat his, in eam rebum repudiare intellegam, eum illud error everti te! Te nihil appetere mel. Veritus quaerendum.</div>', 4, 4),
(11, 'Soleat discere', '0.25977000 1578772568.photographer.jpg', '<div>Ipsum splendide qui id. Duo in oratio abhorreant, augue appareat convenire has eu, vim propriae theophrastus ad. Vis atqui animal timeam no? His offendit dissentiet definitionem ut, veri legere meliore no duo. Lorem docendi ex sea, sed in facer accusam, inimicus sententiae ea mel. Solum facete singulis mei in, mea ne nobis consulatu contentiones.</div><div><br></div><div>Clita dissentiet at est, petentium disputationi concludaturque no eos! Eam ad dicat veniam, eos ei decore noluisse. Ea nihil deleniti eum, ius wisi vidit meliore ad, id nihil ubique his! Ea magna invenire sententiae per, sea te wisi alienum maluisset, an his mutat habemus.</div><div><br></div><div>Exerci putent apeirian qui at. No mea epicuri pericula, te pri civibus omittam blandit. Cu pri populo eligendi delicatissimi, everti ornatus accommodare ad his. Mei id verear pericula eloquentiam, ei per malorum democritum conclusionemque. Per paulo delenit docendi eu, ut usu probo albucius?</div><div><br></div><div>Eum ea liber clita nostro. Cu utamur repudiare sea. Doctus senserit id est, cu consulatu vituperatoribus duo? Nec ad mazim petentium, falli gubergren suscipiantur vix ea.</div><div><br></div><div>Eam omnium torquatos ad, partem possim inermis mea ne, zril conclusionemque nec at! Erat equidem albucius vis ad, sea summo putant consectetuer ut, noster iracundia ne eos. Vix saepe deserunt lobortis at. Mundi indoctum vel ne, at sed dictas dicunt argumentum. Doming interpretaris vel in. Mel legendos interpretaris ad, te duo tation volumus definitionem, diam illum detraxit an vim.</div><div><br></div><div>Cu est illud etiam repudiare, ex est eloquentiam definitionem, commodo tamquam reprimique ut quo. Ut stet habemus voluptatum quo. Eu vim suas inimicus theophrastus. Ius ei eros meis, ad pro delenit facilis indoctum, noluisse mandamus has no. Ea enim clita veritus mel!</div><div><br></div><div>Soleat discere cum ne? Vide inermis ex per. Cu vero consul adolescens vis, alii iriure albucius cu vel. Nam eu quis habemus epicurei, in nam tempor viderer? No stet debitis constituto eum, cu has deleniti scriptorem, animal abhorreant cu mei!</div><div><br></div><div>Agam oblique vim eu, nam eu oporteat adipisci? Vis in cetero volumus praesent, te per modo timeam. Pri pertinax vituperata ad, cum in partem integre consectetuer. Ut eos solum omnium. Ei eos dicunt utroque, accusata adipiscing scripserit cum ex? An partem conceptam honestatis pri, ne adipisci delicata accusamus has? His ut nihil albucius deleniti, has in augue zril inimicus, at nobis comprehensam qui?</div><div><br></div><div>Et tale nihil mentitum mea, duo quodsi iuvaret fierent ea. Id usu nominavi expetendis. Velit omnes ubique ne pro, no oblique recusabo eam, vis accumsan atomorum maluisset an. No nemore definiebas mea.</div><div><br></div><div>Vim cu habemus sententiae accommodare, tation intellegat eu vim, qualisque repudiandae ut vix. Error mucius democritum ut usu, ea vel epicuri definiebas. Est te magna meliore? Mei ut tractatos scripserit, te vidit aeterno instructior ius. No sed aperiri vivendo periculis, ei saepe similique duo.</div><div><br></div><div>Nec adipiscing scriptorem ad, vis nibh efficiendi eu. Vix et affert percipitur. Vix te amet omittam indoctum. Ex sed aeque iriure praesent. Ne utamur volutpat molestiae sed.</div><div><br></div><div>Offendit molestiae ut nec, per no dolore latine instructior? Nec no eius ancillae probatus. Sea sanctus fabulas ei, purto eripuit ne pri? Falli alterum nec ad, sea ea harum platonem voluptaria, ad vix movet vivendum abhorreant? Essent elaboraret ea ius! Sed debet discere in, eam expetenda urbanitas ei.</div><div><br></div><div>At quo tacimates platonem honestatis, munere noster quodsi et usu. No euismod deleniti adipisci sea, quo ex aperiri reprehendunt? Duo aeterno reformidans delicatissimi at? Ad vel dicam phaedrum, tempor regione interpretaris et vel, mea cu fabellas adolescens incorrupte?</div><div><br></div><div>Ei virtute deseruisse omittantur eam, in vel dicant mucius. An ubique eripuit corrumpit mei? Ea sed adipisci prodesset, justo inimicus ad eam, ea usu nostro dissentiunt! Vim amet quas appellantur in, wisi dicam pertinacia mel cu. An viderer comprehensam sed!</div><div><br></div><div>Usu te verterem prodesset. Id atqui graecis his. Eirmod delectus sit te, cu viris feugiat eam? Alia exerci voluptua sea ei, in ius eirmod mentitum dignissim. Sea te ludus eirmod melius! Accusata lobortis no vim?</div><div><br></div><div>Mollis meliore invenire et vel, ex quem blandit cum, ei quo latine intellegat. Mel ea purto dolores adversarium, etiam eirmod principes id vel, eam te appetere antiopam. Dolor diceret ex nec, alii etiam ubique pri ei, error choro nec te? Solum vulputate sea no. Est verear graecis platonem in, id eirmod corrumpit his.</div><div><br></div><div>Ei agam persequeris vel, possim recteque expetenda te nec! Utinam ponderum conclusionemque usu ei, te idque vivendum eam, aeque partiendo pro eu? Vel dico eripuit ne. In vis quod elitr tincidunt! In utroque civibus ius, an qui dictas cetero corrumpit, ridens audiam eruditi mel cu.</div><div><br></div><div>His ad possit repudiare gubergren, nam ei recusabo corrumpit deterruisset. Qui in vero equidem, accumsan epicurei eum ut. Semper meliore vivendum te qui. Te nec putent adversarium, hinc omnis aperiam id pri, ex sit docendi ponderum luptatum?</div><div><br></div><div>Ut nec solum utamur. Sea te aperiam euismod, laudem possit reprehendunt an his. Tollit consul per eu. Ad nec alii insolens dissentiunt, quo nulla signiferumque ea?</div><div><br></div><div>Vis singulis vituperata eu, eum modo vide omittantur ex. An ius augue vocibus, usu erant iisque ne, sed esse justo posse id. Nam prima forensibus eu. Iriure audire aliquam ex duo, his in movet vocibus fuisset. Habeo inani putant ei usu, eum ex dicat nostrud oporteat.</div><div><br></div><div>Oratio civibus qui id? Has ut idque facilisi! Ad cum graece quaestio. Vivendo comprehensam cu sit, eum decore consulatu id, has ex vivendum lobortis? Id quo nibh essent, cu eos feugiat iudicabit, ne per harum elitr.</div><div><br></div><div>Ex nam paulo noster! Ea mea blandit adversarium, ex esse praesent interpretaris nam? Vix te autem veritus. Agam veri patrioque mea no. Vel ad luptatum apeirian! Per ad erroribus omittantur interpretaris, partem fierent ea mei.</div><div><br></div><div>Vitae tibique scaevola et ius. Pri ei ceteros atomorum, quo etiam splendide adversarium et, vix docendi prodesset rationibus an! Dicam diceret eam id. Ad saperet minimum his, an vis offendit oportere expetenda.</div><div><br></div><div>Admodum qualisque ei sit, no causae verterem est, mentitum delicata vix cu? Ius recusabo moderatius eu, mel duis comprehensam et, est assum iusto accusata id. Timeam placerat et eam, ex eos movet suscipiantur. Ius ad erant exerci commodo. Cum ei munere persecuti, pro id justo choro intellegam. Omnis nostrum prodesset at est, at has homero.</div>', 4, 4),
(12, 'Laudem scripta intellegam', '0.26091300 1578772628.12.jpg', '<div>Nobis tibique vim ut, eum ea iusto clita tollit, pri ex sonet oblique insolens? Dolor bonorum sea ne, ei nostrud suavitate nec, eum at cibo consul adolescens? Quaeque nominavi ex est, in quo facer temporibus concludaturque. Mea semper sanctus expetenda ea, vis aeterno ornatus liberavisse et.</div><div><br></div><div>Mea omittam efficiendi id! In pro admodum lobortis, te graeco officiis corrumpit usu. Detraxit consulatu in eum! Ius ne hinc necessitatibus, ea usu quaeque dolorum inermis! Nec id brute phaedrum, an per tractatos gubergren conceptam. Possim quaeque duo te.</div><div><br></div><div>Cu cum offendit imperdiet. Prima facilisis mea te. Ignota indoctum suscipiantur ei mei, eum inani equidem scaevola no. Ut nam lorem percipitur, eam an probo reprehendunt? Vis ut maiorum vulputate, pri utinam neglegentur consectetuer ut, ut nam doctus tamquam omittantur. His ne alia assueverit, magna oblique constituam an ius.</div><div><br></div><div>His meis ponderum incorrupte ad, ad torquatos assentior appellantur vis. Eos liber singulis at? Sed soleat fastidii senserit id, sit perfecto constituto an. Ad utinam vivendum quo. Cum quodsi eleifend referrentur te, usu novum imperdiet at, laudem voluptaria vis id.</div><div><br></div><div>Per singulis complectitur an, vis ut delenit pertinax, ei vel reque suscipit delectus! An eos agam meis mnesarchum! Laudem melius eligendi ne mei. Minimum iudicabit cu mea.</div><div><br></div><div>Meis partem tacimates per eu. Mea sumo nullam ut, ne quo malis appareat euripidis? No vel voluptatum intellegebat, qui enim viris et. Pri cu nibh omittam?</div><div><br></div><div>Laudem scripta intellegam cum ad. Lobortis dissentias eu nam. Nec vidit utamur suavitate et! Sed ut omnes offendit torquatos. Ex qui homero fuisset, volumus instructior te pri, in eruditi sensibus sed. Vel officiis tincidunt cu, id duo semper epicuri, et mei melius equidem recusabo!</div><div><br></div><div>An quodsi labores aliquando duo, ei mel illud vivendum. An corrumpit accommodare nec, vis fuisset accusam contentiones te? Sed in copiosae recteque patrioque, vero wisi melius eum eu. Te duo oporteat consetetur. Errem nonumy deseruisse mei ut, omnes audiam voluptaria ut eos. Eos no quem tollit, sea cu odio vulputate!</div><div><br></div><div>Ea ius labitur iudicabit, in has integre mentitum? Id dico graece pri, eam odio integre ut, ad sea solum facilis molestiae? In eam soleat menandri contentiones. Eius saepe meliore duo ne, admodum erroribus nam no! Eam impetus probatus cu, cu mei dolor eirmod quaestio.</div><div><br></div><div>An eripuit feugait mei? Est an molestie contentiones, sed apeirian adipisci ea, euripidis assueverit ea mea? Mea veniam ponderum id, exerci indoctum aliquando an sit. An lorem corpora vis? Tota veritus ne mei.</div><div><br></div><div>Putant molestiae duo at, cu quot noluisse cum? Justo dicit inermis et quo. Ei eos omnes legendos. At qui vivendo volumus, ei sea mediocrem adversarium, at mel reformidans conclusionemque? Paulo salutandi efficiendi ius ut. Ex has ornatus accusamus, ei vero meis eos, no fugit nominavi theophrastus ius.</div><div><br></div><div>Alia paulo philosophia te mei, cu vim everti salutatus tincidunt! In eam numquam intellegat, cu saepe populo recteque per. Id nam menandri urbanitas, graeci iisque mel eu, quod timeam dissentias vim cu. Vituperata posidonium sit ne, no nullam blandit vis!</div><div><br></div><div>Exerci incorrupte neglegentur vim id. Et intellegam interesset appellantur his, quod electram vulputate ei eam? Vidit quodsi accusata nam ut, cum modus dicit accommodare eu. Mea magna audire ad, ea bonorum convenire referrentur pro. Et eos aeque eripuit, ius quis congue causae at!</div><div><br></div><div>Mel ut inermis iudicabit, cum an volutpat qualisque. Vel oportere indoctum an, no pri delectus lucilius, per in case mazim? Ut enim contentiones ius, ipsum malis postulant et nam. Te porro timeam eleifend quo, pri te causae dignissim.</div><div><br></div><div>At nec consul feugait minimum. Mei dicant liberavisse an, id sit laudem essent volumus. Nam ad erant putent. Sonet deleniti officiis id est, ne quem soluta percipit sea. Latine mediocrem et mea, eum oratio insolens ut. Graece dolorum vim cu.</div><div><br></div><div>Mel decore scribentur no? Duo id volumus persecuti, pro tacimates accommodare ei! Iusto populo ex mei, pro ne conceptam theophrastus. Iracundia moderatius posidonium est no, et quo dolore nullam! Ex vis fugit omnium, errem conclusionemque pro ex.</div><div><br></div><div>Utroque delicata eum id. Percipit disputationi te qui. Ne simul complectitur nam? Sea ex congue iracundia voluptatibus, modus dissentiet ex has.</div><div><br></div><div>Per ne similique repudiandae! In sea habemus molestiae, ut has virtute docendi gloriatur! Est ex aeterno nominavi! In ius aeterno inimicus argumentum, eos congue mentitum complectitur at, meliore epicurei dignissim nam ex. Sumo virtute aliquando ea sed, tation nonumy timeam ne pro?</div><div><br></div><div>Vis eu detraxit delicatissimi, mei mazim meliore splendide at. Nec no debet laudem convenire, id vis wisi populo, et pro quem admodum! Imperdiet repudiare vim ea, assum ornatus appetere qui no. Duis feugiat ceteros est ne, pro suavitate adipiscing an. Eum veritus posidonium ex!</div><div><br></div><div>Movet persecuti intellegebat sea id, periculis deterruisset eum ut. Vis vitae perfecto recteque ei? Ne pri nihil commune suscipiantur, cu eius disputationi definitionem per? Noster adipisci cotidieque est ut, vocibus commune reprimique sit at, quo te partiendo democritum? Cetero petentium pro at, eos vero aeterno cu.</div><div><br></div><div>Vis cu habeo ipsum soleat, ne quod movet vis? Te enim solet mea, no patrioque reformidans nam. Placerat vituperatoribus ad eum. Has quem augue putent at, stet erant insolens no sea, minim luptatum perpetua vel ea.</div><div><br></div><div>An vel molestie reprimique. An vim tempor adipisci? Assum repudiare molestiae vix ea. An idque feugiat est! Ut stet perpetua temporibus mel, usu id aliquam instructior, vel putent animal et. At zril eligendi deserunt duo, ea fugit bonorum periculis eos!</div><div><br></div><div>Sea an prodesset dissentiet, efficiendi repudiandae sed et. Expetenda suavitate et vim, cum delectus posidonium ut? Suas elitr at mei, eam vivendum accommodare instructior ex, usu at nostro everti appetere? Cu tacimates periculis sit. Sit causae numquam et, vix agam solet ex, et mei tritani eligendi interesset.</div><div><br></div><div>Ad vis numquam noluisse accusata. Eum ex fabellas posidonium, ei dico possit mea, stet voluptatibus ut sed! Denique philosophia mel at, ius fabellas oportere ei, erat mnesarchum his eu. Qui te fabellas sensibus mediocritatem, et nibh aperiri convenire mel! Vim ferri instructior te.</div><div><br></div><div>Mel aeque graeci iudicabit ea, ad prima contentiones qui? Nec ei quem falli iracundia, volutpat appellantur in mel. Nec an meis posse pertinax, natum vidisse vix te? Ignota aperiri repudiandae ne mel, quidam civibus aliquando cum no, vel.</div>', 9, 2),
(13, 'Vero probatus ad mel', '0.34060400 1578773827.13.jpg', '<div>Vero probatus ad mel. Vis id noster sadipscing. Et stet zril tation eum, audire invidunt sea ex. Usu vidit mediocritatem ei. Eam ferri reque constituto no, tota paulo diceret per an, doming patrioque elaboraret ei sit.</div><div><br></div><div>An est ornatus forensibus scriptorem, detraxit platonem contentiones has id. Solet quando facilisi pri eu, impetus platonem cum ex. Et eum justo porro. Latine veritus persequeris mel no, cum populo apeirian delicatissimi et, pri stet feugiat aliquando eu. Vim no soleat nullam mentitum, mea ne nobis consectetuer.</div><div><br></div><div>An per porro dolor accumsan, ad quo ludus qualisque conclusionemque. Vim tempor aliquid eu. Sit no tempor meliore epicuri, eu vel periculis adversarium. Vix meis impetus pertinacia ei, tempor vocent saperet eos et. Duo at veri ocurreret temporibus, quis veritus vis in. Qui deleniti tacimates temporibus et, nam decore concludaturque ex.</div><div><br></div><div>Illum oratio scriptorem eu mel, quo ornatus argumentum appellantur no. Ad quando noluisse mei, minim quaeque usu ad, case falli theophrastus est ad. Abhorreant percipitur ut has, an ponderum qualisque principes cum, vim in hinc assum scripta. Gubergren referrentur duo ne, ei eum veri sanctus suscipit, id his nonumy animal. Graecis eloquentiam qui ad. Id mea ullum corpora, no ubique iuvaret vim. Nec homero tempor graeco cu.</div><div><br></div><div>Qui illum consequuntur ut. Tamquam percipit mel ne, at eum tibique fabellas sensibus. Ad sit elit omnium oblique. Id alia quaeque alienum pro. Reque debitis duo ad.</div><div><br></div><div>Sumo graeci suscipit ius in, dicunt causae option eam eu, accusam argumentum cum an. Verear habemus appellantur his te. Accusata intellegat repudiandae eu est. No bonorum urbanitas sea, ne solet everti omnium quo, dico mentitum philosophia eam ea.</div><div><br></div><div>Ei nemore eruditi cum, in summo soluta indoctum his, nonumy virtute feugiat id vim. Ex mel quis causae. Nec at essent sensibus oportere, tacimates sensibus qui an. Ei aeque nullam oblique eum. Eum et omnium disputando, has latine inimicus consequuntur ex, posse salutandi reprehendunt per an.</div><div><br></div><div>Nonumy albucius cotidieque ad qui, nam ne quot tollit. Putant tamquam convenire ex sed, ad falli singulis persequeris sed. At cum tamquam senserit, te audiam latine comprehensam pro. Doctus viderer appetere an ius, iusto omnes et has. Duo eu inciderint suscipiantur. Ut vitae evertitur vituperatoribus eam. Decore everti vim ad, ea pro iusto labitur signiferumque.</div><div><br></div><div>Cum et omnium labitur platonem. Per laoreet electram molestiae ne, pro molestiae dissentiunt ex. Ut voluptua scaevola mei, in sit vocent minimum copiosae. Ei sumo percipit cum, vis et saepe saperet dolorem. Ad eros virtute liberavisse vis, no quo molestiae incorrupte comprehensam.</div><div><br></div><div>Ne ponderum lucilius cum. Zril dictas efficiantur ius ea, ut lorem soluta quo. Apeirian volutpat argumentum te pro, nisl esse meliore at duo. Nonumy cetero qui at. Iusto iudico volumus ne duo, tale elitr eos ne.</div><div><br></div><div>Nec eu omnis decore recteque, maiorum fastidii deterruisset ei vim. Ad usu eius evertitur, fugit falli inimicus at cum. Autem clita cu cum. Eu vidit aliquando duo. Duo et unum altera deleniti, eum autem quaestio cu.</div><div><br></div><div>Purto fastidii ad nec, duo brute velit iuvaret ex. Qui dolores pertinax te, corpora dolores no his, eu eos verterem assueverit eloquentiam. Tale accumsan id eum. Nam in detracto similique, an eos convenire prodesset, in inimicus praesent theophrastus cum. Ad eos lobortis antiopam scribentur. Fugit perpetua ut pri, at cum rebum possit maiorum.</div><div><br></div><div>Ut alterum perfecto consetetur nam. Sea ne timeam accusata, eripuit percipit usu cu. Pri ut integre dolorem perpetua. Ne vis habeo justo, et ius harum labore.</div><div><br></div><div>Ex eum quando legendos scriptorem. Vivendum phaedrum mei ex, ei probo cotidieque qui. Mea nominati vulputate appellantur et, omnesque convenire ut sea, falli elitr an per. Id animal aperiri his, eum laboramus consequat adipiscing no.</div><div><br></div><div>Nemore equidem abhorreant vim ei, has nulla audire delenit in, eum errem consectetuer id. An vis lorem atqui, eum an ipsum conceptam, ad per omnis tamquam utroque. Et postea latine quo. Usu ad soluta vivendum euripidis, prompta pericula postulant ad per.</div><div><br></div><div>Scripta invenire in qui. Te dolor soleat feugiat ius. Cu accusata abhorreant voluptatum qui, pri ne numquam inciderint. Doming accusam cum at.</div><div><br></div><div>Quo primis consectetuer ex, vix exerci vivendum an, error expetenda vix ne. Ei mei vidisse intellegebat, te eros audiam definitionem sea, mea graecis inimicus at. Vim tation neglegentur te. Vim ei offendit splendide, omnes maiestatis nec no. Ius recusabo dissentiunt eu, ne vis quas postulant petentium. Vel ne inani homero definiebas.</div><div><br></div><div>An qui discere inimicus delicatissimi, ut mea scripta intellegam disputando. Sea fuisset moderatius efficiendi ad, modo augue eos ea. Ad vivendo officiis legendos vel, partem electram consulatu ad nam. Ei natum errem his. Nam mutat causae nostrud et, quo an prompta commune.</div><div><br></div><div>Nibh dolores suavitate at est. Et per impedit feugait, nam ei quodsi maiorum quaerendum. Cu diceret evertitur democritum eam, cum velit noster an. Porro cetero no vel, ei eum probatus forensibus necessitatibus. Vis ne utamur labitur.</div><div><br></div><div>Vix te soluta graeci, amet admodum dissentiunt per no. Democritum voluptaria et duo. Mea elitr persecuti sententiae in, at quo atqui consetetur. In modus mundi suavitate nam, accumsan principes ne duo. An errem consequat liberavisse eum, ea vim labitur offendit.</div><div><br></div><div>Usu melius oblique conceptam no, no vel paulo conceptam deseruisse, an sit persius oportere deseruisse. Cu facer accusata vis, mea et esse quodsi. Eu est mucius mnesarchum, malis saperet disputando et nec. Id apeirian postulant incorrupte sit, cu ullum semper erroribus eum.</div><div><br></div><div>Ei vero noster quodsi vim. No per choro doming. Alii elit dolorem ad sed, ad maiorum voluptua est. Utroque dignissim nec cu. Modo assueverit pri ne, vis atqui dolores in. Nam facilis fabellas ea, nisl malis nonumy in per.</div><div><br></div><div>Ea pri veri oporteat maluisset, aliquip scaevola oportere ea nam. Mei debet gloriatur ei. Inermis deterruisset ea mei, ex usu denique salutandi inciderint. Nonumes facilis senserit mei id, mel elit viris at, rationibus adipiscing usu et. His quando soleat placerat te, essent iriure delectus ut usu.</div><div><br></div><div>Ei minimum consulatu usu. An quidam option alienum sea. Est ut minim eligendi temporibus, ad tempor vulputate pri. Vis iisque complectitur an. Ius utinam detraxit repudiare ne. Ei sea civibus patrioque, intellegam temporibus eum at.</div><div><br></div><div>Ei ceteros periculis mel, ad sed partem accommodare. Ex quas mucius.</div>                ', 2, 1),
(14, 'Ius suas tantas', '0.07083000 1578773943.15.jpg', '<div>No ius sale nostrud moderatius, postea labitur admodum eu mel, mei iusto putent fabulas ut. Postea accusam mentitum usu ei. Wisi viris sea ut, ius aliquid interpretaris an. Ei minimum accusam scriptorem sea. Ullamcorper mediocritatem nam ut. Modo iisque persecuti in quo.</div><div><br></div><div>Sed et regione ancillae contentiones. Ut duo dicat iudico definitionem, stet ullamcorper voluptatibus pro ne. Ludus dolorum mnesarchum ad vel, agam volumus platonem vis et, ut delenit abhorreant voluptaria his. Enim abhorreant at eam. Eum ut congue munere dolorum, nec fugit primis cotidieque ex. Et his possim omittam. Cetero delenit detracto ex sed, intellegat cotidieque ullamcorper vix ut.</div><div><br></div><div>Vel quas reprehendunt ut. Mei ex audire mandamus consulatu. Deleniti invenire repudiandae pro no. Quo no veniam placerat. Est discere ceteros accommodare ut, vis ad consul debitis praesent.</div><div><br></div><div>Qui an quod fabulas maiorum. Ne natum iriure equidem mel, delicata adipiscing vis ex, appareat intellegebat ius et. Sit harum consetetur signiferumque ea, est minim putant ne. Cibo disputando eu eos.</div><div><br></div><div>Ludus philosophia et vel. Ut nec debitis nostrum, veniam evertitur mel id. Pri ex idque vocibus eloquentiam, qui choro conceptam in. Nam te tota concludaturque, eu pri iudico corpora. Ex adhuc alterum eam, ex mei vero graecis accusamus, cu erat sanctus theophrastus nec. Epicurei sapientem dissentiet ad vel, ea pri mnesarchum eloquentiam, ut tacimates maiestatis omittantur pro.</div><div><br></div><div>Ius suas tantas evertitur cu, sea esse utinam mollis te. Eligendi copiosae moderatius ne vix. Vix consul mucius te. Per ne copiosae deterruisset, te pro etiam veniam. Minim bonorum pro at, nusquam reprimique te has, utamur discere menandri per id. Sonet virtute senserit sit ad, regione feugait pertinax ex mel.</div><div><br></div><div>Eos ad eirmod aperiam sadipscing. Ex mei reque quidam, no eos summo equidem splendide. Sit quis zril ei, ei nam iisque aperiam ancillae, cu duo admodum adolescens repudiandae. His ad illum tincidunt, vero convenire neglegentur an per. Possim neglegentur ad has.</div><div><br></div><div>Possit qualisque ius ea. Mei cetero accusam facilisis eu. Cum prompta detracto ea, eu nusquam insolens sed. Omnes epicurei percipitur eu has, vix vocent saperet scaevola ut. Pro hinc adhuc rebum cu, oporteat rationibus mea eu. Impedit corrumpit has ea, in eam reque vivendo disputationi.</div><div><br></div><div>Mea natum commodo petentium ex, maluisset forensibus mnesarchum mea in, postea regione ei duo. Nam et natum denique. Id vis vidit partem patrioque, ne habemus salutatus concludaturque vis, elitr audiam graecis an eum. Sit ei stet menandri. Qui te graece labores. In saepe quaestio principes quo. Vocent tacimates an vim, id offendit vulputate sed.</div><div><br></div><div>Aeque conclusionemque vim ea. In eum omnes incorrupte intellegam. Ex probo aliquip sed, no posse tritani vix, fuisset denique ex vis. Per te nostrud tincidunt, inimicus adolescens vis in. Noster labitur persequeris pro ad, prima pericula expetendis et vim.</div><div><br></div><div>Ei ubique torquatos per, malis novum vix ea, magna posidonium efficiantur eu cum. No mea possim delenit, nam ut invidunt liberavisse necessitatibus. Partem definitiones conclusionemque id nam. Mei no quot oratio torquatos, case soluta impedit vis in. Interesset omittantur vis cu. No platonem comprehensam vix. Et eum illum percipit, labore animal ut vix.</div><div><br></div><div>Cum ea putant maiorum, ut eam numquam accusam, vix alterum accusamus consequuntur ut. Pri mazim aeque erroribus et, pro ut suas prima disputationi, usu dicant definitionem te. Clita invenire pri id, dicat quodsi accommodare per eu. Mea ex ferri tantas populo, at duis adhuc comprehensam vim, prima sapientem nam an. Persius antiopam platonem eu nec, corpora ponderum inciderint ut pri, et magna detraxit eam. Mei idque nemore philosophia ei, ne pri lobortis liberavisse, eu quot nibh definitionem has.</div><div><br></div><div>An his qualisque interpretaris. Brute erant et ius. Ut laudem torquatos sea, ut his soleat appetere, sit corrumpit appellantur no. Duo an noluisse incorrupte. Quo ei choro utamur copiosae, in mutat solum mediocritatem pri.</div><div><br></div><div>Eros solum malorum ius et, has odio iriure pertinacia te. Nulla equidem definiebas eos in, est at eius aperiam utroque. Complectitur conclusionemque te mei, pro molestie aliquando in. Ius eirmod pertinacia eu, inimicus corrumpit persequeris te nec, ius at magna sonet. Nam ex impedit principes dignissim, choro adipisci an sea, nec invidunt maiestatis honestatis te.</div><div><br></div><div>Laudem alterum est at, discere feugiat nominati his ea. Odio labore feugait his ex, soluta nonumes ad has, no veniam ubique consetetur vim. Ad nusquam petentium theophrastus per. Ut usu volumus inciderint, idque expetenda maiestatis te vel, et purto vivendo mel. Scaevola deterruisset eu vix, debet possit ea nec, eam brute alterum no.</div><div><br></div><div>Per eu alterum assentior definiebas, pertinacia liberavisse sit eu. Enim verterem comprehensam ad eam, saepe mucius oportere ei mel. Munere noluisse has id, consul quaeque senserit cu eos, usu impetus vocibus no. Eum mutat petentium ea. Aperiri inciderint interpretaris quo ex.</div><div><br></div><div>Has ut omnium consulatu, eligendi senserit deterruisset duo at, eos id legere perfecto disputationi. Cum ne mediocrem eloquentiam. Id summo reformidans complectitur sit. Mei exerci sanctus an, ad erroribus referrentur interpretaris pro. Fuisset perpetua his an. Harum legendos iracundia no sed, has ea facer ancillae voluptaria.</div><div><br></div><div>Et eos alia atqui accusata, vis id blandit postulant dignissim. Has at liber eligendi, sed cu consul oblique. Purto mazim melius ei duo, ne sed iriure sanctus platonem. Oratio iisque ex sit, eum persius oporteat consetetur ea. Ad nec molestie splendide, his invidunt lucilius theophrastus no, elitr volumus et eos. Nam wisi labitur pertinax eu, prima electram convenire id est.</div><div><br></div><div>Oporteat deseruisse an mei. Mei bonorum mediocrem ex. Usu melius scripserit disputationi in. Ne mel civibus petentium vituperatoribus. Ex tale homero voluptatibus cum, solum reque legimus cum cu. His iuvaret denique definitionem et.</div><div><br></div><div>Ut nonumes suavitate mel, quo congue molestiae eu. Veri dignissim necessitatibus eum et, no legere patrioque vel, sed ne velit novum ponderum. Ad conceptam omittantur vix, mel ea aperiri disputando, an esse nusquam propriae vis. No rebum labores dissentias est, sea aliquid salutandi ut. His debitis efficiendi et.</div><div><br></div><div>Tota patrioque voluptaria te eum, ad quo quaeque explicari, ea pro illud adolescens. Est singulis conclusionemque an, vim an iudico libris essent, commune delicata qualisque ut mel. Tota liber rationibus vis et, hendrerit deterruisset ex mea. Fugit animal numquam te eos, rebum clita complectitur cu mea. Sed nisl volumus corpora ea, quo vituperata scribentur.</div>', 4, 1),
(15, 'Expetenda philosophia', '0.52732200 1578774280.16.jpg', '<div>Te vim semper intellegebat necessitatibus. Cu accusata laboramus eos. Pro ne harum aliquid deseruisse. No mea vidit deleniti signiferumque, nihil deseruisse no ius. Vis an graeci evertitur, qui at quem purto fabulas.</div><div><br></div><div>An has omnesque fabellas. Laudem sapientem sea cu, id utroque lucilius dignissim vim. Cum at omnis intellegat, eros scaevola scriptorem eam cu. Eu nam utamur docendi consequat, perfecto eleifend an has.</div><div><br></div><div>Cum id adhuc adipisci, posse erant philosophia te sed. Sint elitr omittantur usu et. Mei ei latine qualisque gloriatur. Docendi qualisque te vis.</div><div><br></div><div>Mei admodum tacimates senserit in, sale mollis principes pri ei. An brute quidam diceret vis, duis debet quodsi vis in. Ad vero numquam eum. Usu eruditi suscipiantur ad, et usu nostro admodum periculis, evertitur tincidunt cum eu.</div><div><br></div><div>Ex mediocrem evertitur qui, mei delenit molestie in. Ferri ornatus has no, ne mei soleat insolens. Mei ubique sensibus periculis at, vix et ferri gubergren. Pri iisque epicurei antiopam ex. Regione assentior vim ad, vel et luptatum percipitur. Vocibus volutpat nec ne, euripidis adipiscing in eam.</div><div><br></div><div>Expetenda philosophia mel eu. Vel ad ubique vivendo, tation nominavi percipit nec an. Vix ad corrumpit omittantur. Id eirmod euismod consulatu mea. An pri animal delectus maluisset.</div><div><br></div><div>Exerci laudem dicunt id vis. Albucius adipiscing cu eos, et vel veniam everti aliquam, pri te enim fabulas intellegam. Eos et commodo legimus, iuvaret iudicabit mel ea. Eum liber perpetua ad.</div><div><br></div><div>Sit te iuvaret oporteat accommodare, in paulo alienum vel. Mollis verterem duo cu, melius tibique ancillae ex duo. Ea duo saepe repudiare, et wisi omnis qui, esse sensibus quaerendum et his. Simul oporteat ullamcorper qui id, nam regione argumentum in.</div><div><br></div><div>Ridens theophrastus et eam, ea has atqui referrentur. In qui bonorum officiis, ei quo tota eripuit. Debet tincidunt eos ne. Eius eripuit et vix. Mel semper atomorum te, nam ne partem prompta. Eum dicit consectetuer ut, eu per vitae lucilius partiendo.</div><div><br></div><div>Nec adhuc recteque partiendo id, ludus nostro quaestio ea cum. Mutat necessitatibus usu in, his amet platonem ne, ne mel postulant rationibus. Mediocrem incorrupte mea at. Vix ei torquatos voluptatum, no nec ferri fastidii delectus. Te ceteros blandit sea. Doming scripserit ei sit.</div><div><br></div><div>Ne ius error phaedrum, omnesque percipitur suscipiantur id est, no nam dolores facilisi erroribus. Perfecto accusata deterruisset mei te, ne erat fabulas neglegentur pri. Mei ea deleniti singulis definitiones, in suavitate constituto mediocritatem duo. Nec eirmod dolorem repudiandae ex, error adipisci eos te. His an ubique recteque moderatius, in adhuc cetero invenire sea. Partem iriure in nam, cu sit quas debet iuvaret, ut sea eros vero iriure. Summo ponderum qui no.</div><div><br></div><div>Nec brute nominavi in, ullum malorum at ius. Et his quaeque volumus placerat, et nec decore epicurei perfecto, affert omnium accusam has an. Doming nominati te vis, dolore convenire suavitate id quo, in ius tacimates petentium conclusionemque. Albucius iracundia qui an.</div><div><br></div><div>Illum ornatus no mei, est ne epicurei volutpat. Nisl atqui doctus ut est, sea alii nobis epicurei no. Nec ne suas causae facilis. Mel ei dicant veniam detracto, quo ea agam eirmod nonumes. In sed idque augue, has in malis adipisci.</div><div><br></div><div>Virtute eripuit sapientem id his, no justo accusata nam. Eam ornatus fierent petentium ex. Nec in solum verear. His prompta nonumes salutatus ut.</div><div><br></div><div>Eam epicurei repudiare instructior at, ei dicit docendi expetenda sea. Ius porro euripidis ut. Aperiam ocurreret est eu, has ad alii suavitate assueverit. An consulatu delicatissimi usu.</div><div><br></div><div>Bonorum nonumes explicari ne nam. Prima admodum ex vix, quodsi verterem pro ex. Hinc libris nostrum has an, his mutat erroribus ocurreret ne, eum ubique adipiscing id. Eripuit maluisset repudiare mei ea.</div><div><br></div><div>Munere aliquam mandamus cu vis. Per aeque bonorum forensibus eu, ex gubergren tincidunt vel. Pri quot nobis consectetuer no, propriae percipitur eu nam, quo ad dicam ceteros minimum. Porro convenire consequuntur ad eam, per labores phaedrum te, ad solum modus idque per. Porro debet mediocritatem sit eu, possim voluptua neglegentur eum cu. An laudem dicunt argumentum mea, eum suscipit pericula cu.</div><div><br></div><div>Eu sea fugit ubique, agam postulant an sea. Ne vis mazim euismod vivendum. Sed id eius laoreet. Te eum errem homero interesset, similique abhorreant ne vix. Solum constituto ne mei, tota voluptua pro an. Cum summo corrumpit ad, ancillae reformidans vis ex. Soluta ornatus inermis id has.</div><div><br></div><div>Cu quo debitis pericula assueverit, tollit timeam et nec. No scripta appetere petentium pri. Eu oblique invenire nec, cibo splendide mei ad, ne habemus voluptua mei. Porro nostro ea qui, cu sed legendos honestatis inciderint, modo perfecto aliquando sed ad. Ius cu delectus electram repudiandae, eos ne causae nostrud recusabo, ius suas maiorum cu. Ne est eros legere inimicus, vim magna possim no.</div><div><br></div><div>Ius at noluisse qualisque theophrastus, appareat platonem gubergren nec in. Phaedrum tractatos ne mei. Iusto gubergren sententiae pro ex, ad epicurei sapientem pro, eros nihil mei in. In assum consectetuer vix, ridens repudiare tincidunt mea et.</div><div><br></div><div>Duo id nihil quando volutpat, vix esse summo maiorum id. Est an novum partem postea, ne saperet fastidii pro. Malis feugiat perpetua nec ea, te ius salutandi delicatissimi. At sit falli vocibus suscipiantur. Ea case aeterno intellegat mea, oratio libris mucius id sea.</div><div><br></div><div>Ne per ignota propriae omnesque, qui omnesque detraxit cotidieque ut, eos hinc putent legendos no. Cum choro disputationi ut. Ad quo melius posidonium, an quas nobis vim. Et iusto everti pro, veri detracto an vix, amet elit dolor vel ex. Viris democritum consectetuer ex quo, eos odio ocurreret abhorreant ne. Rebum libris ocurreret vel ei.</div><div><br></div><div>No incorrupte persequeris vim. Vis cu modus delicatissimi, hinc civibus et ius, alterum rationibus complectitur eum ei. Eu mei iusto possim meliore, ne vim tale soleat consequat. Habemus atomorum voluptaria ex vim, iuvaret scriptorem id est.</div><div><br></div><div>No mea nulla gloriatur, in vel tale iisque indoctum. Est ei appetere voluptaria, ad nostro dolorem vis. Habemus deleniti est ut. Ius ei tantas democritum. Vidit postea animal at vel. Eu sale nusquam vim.</div><div><br></div><div>Ei affert percipit vis, solum legendos temporibus mea ut. Noster iuvaret similique sed et. Utroque laoreet definitiones has et. Prompta maluisset consequuntur mea ei, doming option necessitatibus mea ex, harum consul mnesarchum sit ut.</div><div><br></div><div>Electram omittantur et qui, cu.</div>', 1, 12);
INSERT INTO `posts` (`id`, `title`, `photo`, `text`, `id_category`, `id_user`) VALUES
(16, 'Tollit nemore', '0.10027800 1578774743.17.jpg', '<div>Id eos oratio saperet, eam epicurei cotidieque concludaturque ei. Maiorum senserit vis at, offendit percipit eum te, nec movet democritum eu. Est ne stet imperdiet, omnis fastidii eu vel, latine albucius appareat usu eu. Vix enim dicit quando eu, vim aeterno gubergren ad, dolor scribentur referrentur ut usu. Ipsum indoctum ei nec, ut scaevola sensibus pro.</div><div><br></div><div>Quod laboramus eloquentiam est ne. Vis doming apeirian cu. Cum eu nibh errem instructior. Vel tollit malorum discere no. Clita bonorum molestiae sed an, in veri minimum his.</div><div><br></div><div>No sed suas alterum voluptatum. Duis meliore te sit, et periculis scripserit duo. Mazim prodesset sed in, ea solet dicant delenit eos, ei quas regione eum. Nam cu eirmod euismod definiebas, ei debet cotidieque persequeris nec. Dicta similique vel ne. Quo ne probo dicant, vix aliquam torquatos ut.</div><div><br></div><div>Ex porro deseruisse est, ei per agam persecuti. Movet antiopam an has. Diam homero utamur cu quo, eirmod appareat splendide ne eam. Nisl constituto ei eum. Sint tollit expetenda at vix. Dicat aliquip adversarium eos ut, viris oporteat ei mei, zril graeco reformidans at pro. Est aeque volumus epicuri ut, at elit saperet eos.</div><div><br></div><div>Vis nostrud appetere an, ad mei quaestio democritum theophrastus. Ut delectus inimicus sea, nonumy maluisset usu in, corpora deseruisse ea nam. In labores voluptaria eos. At iudico nostro pertinacia eos, at pri semper phaedrum repudiare. Vim no justo reprehendunt, vix cu tamquam voluptaria efficiendi.</div><div><br></div><div>Cum mucius nemore ex, sea at corpora recusabo electram. Ad nam hendrerit incorrupte. Facilisis gubergren ut mei, an libris intellegat has, has facilis conclusionemque eu. Mel et fugit dicant causae.</div><div><br></div><div>At mea facer partem vocibus. Cu electram definitionem nam, eos veri inani mucius ea, ea per reque blandit forensibus. Omnes saepe electram eum eu. Qui an eirmod oblique reformidans, pri cu velit recteque referrentur, et vim aperiri delicatissimi. Maiorum erroribus reprimique vix ei, nec an aliquip fastidii quaestio. Nec cu erant viderer.</div><div><br></div><div>Debet facilisis usu in, sea no doctus mediocrem, cum ad regione voluptua reprehendunt. At eros iudico appareat vim, alterum dignissim argumentum ne mel, vim efficiendi theophrastus id. Ad ius putant commodo, dolores instructior nam ex, tacimates complectitur qui eu. Cibo denique expetenda sea in, solet pertinacia ut mei.</div><div><br></div><div>Tale sanctus mediocritatem te per, at decore quaestio eum. Ne est atqui tritani inermis. Elit qualisque ea nec, eu deleniti lucilius mea. Ad fabulas utroque qui. Has cu animal laoreet vituperatoribus. Eam ubique maluisset eu, qui ut albucius electram. Choro vitae repudiandae eum eu, meis inimicus ea eam.</div><div><br></div><div>Vulputate sadipscing te ius. Rebum quodsi suscipiantur pro ei. Mea atqui dicta veritus ex, pri an summo labores. Te nulla apeirian imperdiet vix, feugait pericula ne per, graeci similique ne nec. Qui elit denique liberavisse no, qui te petentium interpretaris. Mutat nostro in mei.</div><div><br></div><div>In mel quaestio antiopam disputationi, vix propriae perpetua ad, te posse causae volutpat pri. His sumo falli ea, pro ne virtute corpora. His ad porro graece. An ius doming animal ullamcorper, ne usu aperiri phaedrum reprehendunt, id impedit accusam fabellas eam. Vim libris labitur cu.</div><div><br></div><div>Ex aeque complectitur duo, et qui doming epicurei, vim ex dicam atomorum. Movet blandit lucilius pri at. Eum appareat fabellas recusabo et. Volumus posidonium definitionem ei pri, has suas erant in.</div><div><br></div><div>Facer iudicabit honestatis pro in, malorum tractatos scriptorem ei duo, quaeque copiosae nam ei. Et nam error detraxit liberavisse, eu copiosae indoctum consetetur pri. Vel quem vivendum corrumpit et, audiam repudiare democritum qui et. Id exerci laudem mei. Vim ea omittam voluptua, ne mel vidit novum tibique, audire nominati quo ea. His atomorum incorrupte te.</div><div><br></div><div>Est an augue partiendo instructior, aeque vitae quando no vix. Eu vitae primis eos, detracto principes conceptam eos an. Per in consequat cotidieque. Cum legere mollis melius ei. Vel in etiam delicatissimi. Ignota mollis ea vel, cu fugit facete sit, quaeque discere maluisset no usu.</div><div><br></div><div>At quo diam vidit omnis. Iusto delectus invidunt id sed, hendrerit consetetur suscipiantur mel ad. No duo mandamus temporibus scriptorem, per decore soleat primis at, quo cotidieque concludaturque in. Est ex elitr scripta liberavisse, patrioque incorrupte ad sea, duo ex meliore vituperatoribus. Mel audiam nostrud atomorum cu.</div><div><br></div><div>Sit te magna sanctus invidunt, velit iracundia vim ex. Pri at agam tritani recteque. Esse illud adversarium an mei. Eos cu dissentias cotidieque, vis cu agam euripidis.</div><div><br></div><div>Ea mei purto nihil delenit. Ea erant quando mea, est modus incorrupte eu. Inermis facilis qui ne, pro fugit soleat cu. Ad est civibus fuisset eloquentiam, adhuc justo deterruisset nec te, postea legendos at duo. Ne vim possim fierent, his malorum propriae forensibus no. Et cum intellegam inciderint, quod timeam singulis cu eam. Mel tota tantas malorum cu.</div><div><br></div><div>Te dico evertitur has, possit voluptua convenire eos id. Consequat scribentur vim ei, in vix accusata evertitur. Facer viris decore ne eam, voluptaria appellantur quo eu. At facilis omittam fabellas ius.</div><div><br></div><div>In alii deserunt est, nam cu everti salutandi delicatissimi, id dolor primis vel. Per te ferri atqui. Aperiam tibique vix ea. Quodsi aliquip mei an.</div><div><br></div><div>Pro no nisl meis. Eos vide omnis disputationi ex, primis aliquam mei te. Mucius aliquip pertinacia mei ut. Virtute debitis vix et, an sale prima eleifend vix. Prima probatus cu vix, et oporteat partiendo usu, mundi tibique mel ei. Nam libris suscipit assentior ad, in agam solum quando est, pri et graecis sapientem voluptatibus.</div><div><br></div><div>Possim placerat ocurreret vis eu, doctus propriae nominati eos at. His ea laudem essent urbanitas. Eu commune urbanitas pri. Zril sanctus electram in eam, te vidit dictas nominati cum, ea omnis causae appetere pri.</div><div><br></div><div>Nec iudico vivendo inimicus ut, cum cu modo aeterno scripta. Per ferri graecis deleniti in, no mea vocent meliore. Sed eu quis elit conceptam, eum ea dicant rationibus intellegam. Explicari corrumpit id vel, nam ut tota dicat mazim. Adhuc moderatius mei ad, mea sumo voluptaria id.</div><div><br></div><div>Per ipsum exerci luptatum ad, tempor definiebas te his. Cum ne intellegat sadipscing. Nam et principes voluptatum persequeris. Ne ridens similique tincidunt vim. Ea his soluta denique placerat.</div><div><br></div><div>Eos wisi dicit id. Eu vel quando admodum. Nibh accusamus deterruisset an sea, vel ea appetere scripserit eloquentiam, id qui case labore.</div>', 9, 12),
(17, 'Tempor pericula eos', '0.52050900 1578775361.18.jpg', '<div>Vitae deleniti percipitur mei an, primis sensibus iracundia cum an. Et nulla delicata repudiandae eos, cum et dico dicant, diceret menandri ei nam. Labore albucius at pri, est at illum decore essent. Ius tantas moderatius assueverit ex. Cu audiam definitionem vel, ex pro omittam singulis, mei unum commune cu.</div><div><br></div><div>Adhuc audire officiis et duo. Nec mundi eirmod et. Cu est modo sadipscing. No nam magna assum ancillae, nec habeo minim ad, duo eu oblique deseruisse.</div><div><br></div><div>In vidit novum perpetua sit, cum ei rationibus voluptatum reformidans. Ubique malorum no ius, pri iracundia forensibus in. Mel libris labitur no. Legimus consequuntur ea cum. No elitr dignissim usu, in tale eruditi nam.</div><div><br></div><div>Eam erant lucilius an, qui te dictas iriure consequat. Id mei verterem atomorum, eum vero appellantur ut. No mea ferri ullum melius, id viderer salutandi ius. Cetero reprimique no nec, evertitur adolescens ea duo. Sonet alienum recusabo et cum, qui sale rebum ea, an habeo dicit sed.</div><div><br></div><div>Elit latine consequuntur id duo, equidem definitiones id pri. Mutat decore aliquam ea vis, nec dicat detracto apeirian ad, id iudico fuisset atomorum usu. Sit cu tibique percipitur, te sed aperiri numquam. Id prompta efficiendi nec, est veniam delectus ea. Nec legere instructior ea, quod ullum accusamus ius ad.</div><div><br></div><div>Unum harum usu no, cu sed vocent facilisis mediocritatem. Sensibus salutatus ei sed, nominavi convenire eos eu. Mel at decore nullam voluptaria. Impedit detracto ut vel. Est ut tale paulo mundi, eam cu nisl melius numquam.</div><div><br></div><div>Ne his mundi nominavi iracundia, nam ne similique dissentiunt. Et vel paulo antiopam. Et est cetero repudiandae deterruisset. Semper omittam phaedrum eu eam, aeque atomorum adolescens ei sit.</div><div><br></div><div>Tempor pericula eos in, mea nihil delicata persequeris an. No noster phaedrum disputationi mel, pri sanctus facilis necessitatibus ne, at minim erant rationibus quo. Dolorem accommodare eu nec. Sit nisl essent debitis ad. Cu iisque delicatissimi est, soluta honestatis neglegentur usu ei, ex eos inermis officiis platonem. Dicat error laoreet qui ad, et probo veniam dissentiet eos.</div><div><br></div><div>Electram dissentiet consectetuer an quo, ut hinc legimus pro, mei no nibh persecuti. Soluta putant definiebas nam an, an has tale graece. Eum alii vulputate comprehensam ea, ea oblique menandri adolescens eos. Nibh eruditi consequuntur mel cu, odio elaboraret vis eu, est in putant tamquam inermis.</div><div><br></div><div>Usu sint torquatos referrentur ex, ne eam euripidis honestatis disputationi. Dicam bonorum albucius ut vel, cum eripuit molestiae id. Est quaeque mandamus ne, vero maiestatis consectetuer ne est, ne has lorem meliore adversarium. Te iriure nonumes dolorem vim, cum in aeque suscipiantur. Vix unum iudicabit an, fugit eloquentiam pro id.</div><div><br></div><div>At tincidunt neglegentur has, nobis postea tibique et vis. Commodo dolorem mea eu, ei nec tollit aliquid vocibus. Sea suavitate reprimique ex, eam brute affert delicata ea, modo facilisi percipitur qui te. Libris periculis eos at, nisl oratio eu nam. Vix modo splendide et. Vocibus qualisque similique quo cu, ut est quem molestie probatus. Per no albucius liberavisse.</div><div><br></div><div>Eos ex vocent recteque scriptorem, ad nec tale debet disputando. Eum ad quis blandit intellegat, pri te altera tibique. Vel prima iriure ullamcorper te, qui altera albucius imperdiet et, altera laboramus persecuti ad has. Natum semper at nam, iusto equidem vivendum in est. In vim error movet corrumpit, vel mediocrem gubergren ne. Mutat commune referrentur vel ad, laudem fastidii te nec, te est ipsum harum. Per at simul vitae.</div><div><br></div><div>Sea saepe ornatus corrumpit te. Id volumus appellantur adversarium sit, ei erant facilisis has. Ex eam regione concludaturque, duo quem postea qualisque ea. Duo cu dico officiis voluptatum, eu sea eius veri epicurei. Munere ancillae omnesque vix ea.</div><div><br></div><div>Eam ad utroque graecis luptatum, ad vis putent impetus veritus, latine facilis ut eos. Ea singulis vituperata efficiantur mei, tamquam suscipiantur per ad, nec facer melius efficiendi in. Eam ea ipsum accumsan interesset, dolor platonem cotidieque has ea. Vim tempor aeterno euripidis at, eu ius congue explicari. Quem eirmod nam in.</div><div><br></div><div>Civibus molestie eu mea, viris conclusionemque eum eu. Ius nisl liber in, ex solet alterum efficiendi his. Ei idque fabulas mediocrem pro, eu duo assum mundi dicant. Utinam audire vituperata eos et, an cum paulo saperet efficiendi.</div><div><br></div><div>Quaestio pericula cotidieque vel an, et est latine sanctus. Nostro alterum pro in. Nihil zril impetus cu vis. Mea ea quando ornatus. Homero doming semper ex cum. Mei ea prima everti.</div><div><br></div><div>Duo et ubique eligendi. Nec at vituperata theophrastus, pro eu putant temporibus, cum te consulatu voluptaria. Est sale aperiam detraxit at. Mei ea atqui persius scripserit, sed ea vitae verterem. Feugiat neglegentur nam ne. Brute munere mel ei, an noster equidem mandamus sea.</div><div><br></div><div>Ei meis eloquentiam est, augue clita qui in. Ut duis moderatius theophrastus sed, no ius alienum omittam phaedrum. Voluptatum adversarium disputationi ius ex. Ei stet maluisset comprehensam eum, vel quod intellegebat id. Cum nostro persecuti consequuntur eu, saepe aliquip vituperata ut his. Quo meis saepe tantas id, vim an odio sale. An audire definiebas sit, vis possit appellantur in.</div><div><br></div><div>Ius integre laboramus sententiae ei, ad erant tempor usu, ius id utroque nonumes. Simul contentiones at vim, animal principes an sed. Est posse dissentiet cu, mel harum aeterno torquatos ex. Te vim exerci labore. Mei et molestie lucilius imperdiet, affert scribentur an vix, usu urbanitas vituperatoribus an. His vero duis labores an, nec augue hendrerit aliquando in.</div><div><br></div><div>Sit impedit voluptua accusata at, magna dissentiet vim an, eirmod fabellas reformidans vel ne. Choro discere nominati ius ex, quod exerci impetus at nam, te persequeris contentiones mediocritatem vim. An duo purto iudico, ad tota debitis consectetuer duo, nulla mentitum pro eu. Ne offendit constituam cum, et eos aperiam mentitum, ceteros urbanitas argumentum his et.</div><div><br></div><div>Id suas graeci cum, mea velit invenire ne. Vitae feugait mel te, malorum sapientem elaboraret vim eu. Mei ex mucius verear, tamquam invidunt antiopam in vim, legimus pericula corrumpit eu pri. Cetero aliquam dissentiunt eum ei, ut has ponderum consequat dissentiet. Doctus copiosae ex ius, eu mea dictas phaedrum. Diam gloriatur vis ne, ne vim illum legimus suscipiantur.</div><div><br></div><div>Ne pri labitur debitis appareat, nam hinc postea voluptaria id. Quo alii patrioque urbanitas no, ex pro legimus nominavi salutandi, nec eu.</div>', 4, 13),
(18, 'Et brute consulatu', '0.32039100 1578775513.19.jpg', '<div>An zril utinam pertinacia est, omnes prompta quaeque an mel. Quando tation persius has in, in usu omnis velit. Et salutandi prodesset vim, aliquid officiis ex ius. Cu cum molestie consequuntur. Vel id prima homero tamquam. Ut nibh autem alienum vis, sumo everti his ei, nam modus meliore feugait cu.</div><div><br></div><div>Et brute consulatu intellegat sit. Cu nec quod referrentur, ut facilisi atomorum nec, at etiam possit omittam has. Ea nam apeirian consequat, animal saperet definitiones ne pro, qui quando fabulas tincidunt eu. Idque facer vocibus vix ei, at dicam veniam sed.</div><div><br></div><div>Qui ex solet alterum, usu dolores commune oportere eu. Reque deserunt consetetur eum an. Ut vix nulla oblique maiorum, dico diceret vivendum nam in, ne usu solet civibus. Quo ea nisl decore similique. Vel fugit dicat oblique no, at veri aperiam diceret nam.</div><div><br></div><div>Dolor omnium sed no. Cu clita tollit mei. Usu no case evertitur. Appellantur delicatissimi per an, quot rebum te quo. Ad case omnes moderatius ius. Has ad alii ferri, ei dicta homero nominati mei. Erat euismod cum cu.</div><div><br></div><div>Pri te idque nobis theophrastus. Minim essent mei in, ad porro laudem electram ius. Ea pri doctus prodesset, debet legimus in eam. An qui efficiendi comprehensam mediocritatem. Ubique semper ut quo. Ad vocibus minimum consectetuer has.</div><div><br></div><div>Facilisis qualisque molestiae ex sit. Menandri antiopam consequat ne eos. Omnis possim adipisci et vix, alii aperiri insolens cu usu. Ne summo possit mea. Cum ex denique mentitum atomorum, ei vel tota tractatos. Cum no verterem postulant, ius ei tibique postulant, pri facer accusamus ex.</div><div><br></div><div>Mei odio esse iudicabit ea, eu qui velit deserunt eleifend. In rebum vitae sed. Wisi facilis consequuntur no mea, lorem causae nusquam ex per. Wisi luptatum repudiare eu vel, duis contentiones no his. Quodsi definiebas instructior ei nam, postulant consequuntur mei an. Cum id augue nusquam mentitum.</div><div><br></div><div>Ex omnis erant eos, at solet doctus pertinax eum, duo oratio iuvaret ex. Ne sea labores repudiandae, sit unum eleifend in. Ius no nostro aliquando persecuti, pro ad solet dictas. Ei sea ubique diceret, quaestio erroribus ei mea.</div><div><br></div><div>Vidisse aperiam at vis, mea an aliquam percipit qualisque. Pri eu quas delicata, no dicit possim gubergren eos, mutat lucilius eu sea. Dicat postulant an vel. Nam aliquid maiestatis in, adipiscing deterruisset pri at. Pri iudico regione definiebas ex. Vim legere nemore ad.</div><div><br></div><div>His ponderum pericula eu. Te tota homero praesent pro, quo eu graeco platonem adversarium. Malis malorum interpretaris vix ad, ut altera possit cum. Munere perfecto vituperatoribus at has.</div><div><br></div><div>Mucius verear eam ea, tritani epicurei ex sit, ad nam nulla option. Qui te justo gubergren. Eam philosophia concludaturque et, in eum integre salutatus sententiae. Vis nostrud corpora intellegat ut.</div><div><br></div><div>Eum mazim virtute atomorum an, illud delicata eu qui, at persius nominavi cum. Vis commodo singulis inimicus et. Autem voluptua mel cu. Persius feugiat bonorum ius at, ad veniam everti pertinacia sed.</div><div><br></div><div>Sea tantas melius timeam ad, his modo graecis mediocrem ad. Ius magna simul homero te. Vel ea liber eripuit labores, erant molestiae intellegat no ius, ea nec duis ludus. Erant zril quando est ex. Veniam ornatus ex vis, cum diam libris ad.</div><div><br></div><div>Ea prompta nominati molestiae nam, ornatus maluisset sea ex, est lorem omnium an. Ei appareat antiopam volutpat sit. Ludus officiis an ius, ne dolores deterruisset ius. Ut nihil singulis pro, eros vidit vim eu.</div><div><br></div><div>Munere graecis explicari his eu, sed propriae forensibus incorrupte ne, vim eu iriure expetendis. Nominavi pertinax at eam, intellegat definitionem ut vix, id oratio nonumes mea. Ceteros accusata pertinacia eam an. Has ei clita appetere. Ne vix diam nostrud, no animal utamur luptatum per.</div><div><br></div><div>No sed cibo ridens eirmod, vitae molestie insolens no nec, at fabulas omnesque pri. Ei sed amet postea interpretaris, eu tollit dolore mel. Exerci fastidii his te. At iudico ancillae nam, quo ludus homero no, vim legere tritani consulatu ne. Eum et meis suscipiantur.</div><div><br></div><div>Per at tamquam praesent mnesarchum, wisi maiorum constituto te ius. Per id consul putant delicatissimi. Ne alia singulis mea. Est no iudicabit vulputate, amet ancillae et eos, quaestio interpretaris conclusionemque cu vix. Doming expetendis adversarium an sea, sed elitr legimus patrioque ad. Vidisse maluisset has ut, nonumy possit officiis nam et.</div><div><br></div><div>Ex his integre vocibus detraxit. Meis elitr constituam ius ad. Lorem errem percipit qui in, hinc elit ipsum pri ut. Eam iuvaret alterum cu, te facete perfecto deterruisset sit, vel ex saepe persius pertinacia. At wisi voluptatibus usu. Qui id dolore putent nostrud. Possim discere pri ut.</div><div><br></div><div>Verear suscipiantur at vix, quas omnium sanctus et ius. Minim scaevola te sed. Mel ad putent facilisi, sed an dicat euismod. Sale autem labitur mel ad. Id hinc eros mutat est, eam no feugiat saperet corrumpit.</div><div><br></div><div>Fabulas sadipscing et qui, eos hinc scripserit at. Duo id tollit vidisse, at cum purto nonumy. Nullam apeirian his in, in quo facete concludaturque. Sit vituperata interpretaris no, qui ad iudico discere denique, usu et populo timeam inermis. Dolorem alienum id ius, nam at labitur laboramus, at has modo mazim omittam.</div><div><br></div><div>Sed ne eros mediocrem. Suas velit sadipscing nec ut, quo no animal efficiantur. Consul meliore ut eum, illud nominati pri ad. Clita nominavi ad pri. Eos admodum fabellas scribentur eu, et quando oratio inermis eum. Est vitae integre ea. Falli appellantur duo te.</div><div><br></div><div>Ut duis partem per, an sea cetero singulis eleifend. Molestie detraxit mel ne. Usu ut sale convenire reformidans, ad saperet mentitum sea. No vix esse magna graece, natum intellegam suscipiantur cum id. Cu cum temporibus conclusionemque, quo ut ullamcorper definitiones. Luptatum facilisis pri eu, nemore melius saperet ea sea.</div><div><br></div><div>Per an dicam suavitate disputationi, nam in paulo posidonium mediocritatem. Honestatis interesset ius in, at perfecto voluptatum ullamcorper mei, vis ne saepe petentium. An fastidii senserit cotidieque eos. Qui postea evertitur ne, ius ut vocent corpora partiendo, eam aeque dicant te.</div><div><br></div><div>Pertinax definiebas vituperata eu ius. An tation eligendi est. Qui ut omnium discere disputando, virtute debitis perfecto ea eum. Modus appellantur cu eam.</div><div><br></div><div>Sea graeci possim commune et, ad mei verear hendrerit. An nulla novum albucius cum. Animal detraxit similique in est, dicant feugiat mel in in.</div>', 4, 13);

-- --------------------------------------------------------

--
-- Структура таблицы `users`
--

CREATE TABLE `users` (
  `id` int(11) NOT NULL,
  `firstname` varchar(50) CHARACTER SET utf8 COLLATE utf8_general_ci NOT NULL,
  `lastname` varchar(50) CHARACTER SET utf8 COLLATE utf8_general_ci NOT NULL,
  `username` varchar(20) CHARACTER SET utf8 COLLATE utf8_general_ci NOT NULL,
  `email` varchar(70) CHARACTER SET utf8 COLLATE utf8_general_ci NOT NULL,
  `pass` varchar(32) CHARACTER SET utf8 COLLATE utf8_general_ci NOT NULL
) ENGINE=MyISAM DEFAULT CHARSET=utf8;

--
-- Дамп данных таблицы `users`
--

INSERT INTO `users` (`id`, `firstname`, `lastname`, `username`, `email`, `pass`) VALUES
(1, 'Admin', 'Mino', 'admin', 'admin_mino@mail.ru', 'a9945702bbd0289b86a411f71576768e'),
(2, 'Vasile', 'Cristel', 'cristel_96', 'v.cristel@mail.ru', 'f4844a74ed4f6f44d174947a1e434108'),
(3, 'Leota', 'Aguila', 'leota_23', 'leota@gmail.com', 'f4844a74ed4f6f44d174947a1e434108'),
(4, 'Marvel', 'Goodrow', 'marvel_2', 'marvel@gmail.com', 'f4844a74ed4f6f44d174947a1e434108'),
(5, 'Edna', 'Hines', 'edna20', 'edna20@mail.ru', 'f4844a74ed4f6f44d174947a1e434108'),
(6, 'Greg', 'Warren', 'warren', 'warren@gmail.com', 'f4844a74ed4f6f44d174947a1e434108'),
(7, 'Elsie', 'Roberts', 'elsie', 'elsie@mail.bk', 'f4844a74ed4f6f44d174947a1e434108'),
(8, 'Wayne', 'Andrews', 'andrews', 'andrews@gmail.com', 'f4844a74ed4f6f44d174947a1e434108'),
(9, 'Arlene', 'Richardson', 'arlene', 'arlene@ro.ru', 'f4844a74ed4f6f44d174947a1e434108'),
(10, 'Silvia', 'Drake', 'silvia', 'silvia@mail.ru', 'f4844a74ed4f6f44d174947a1e434108'),
(11, 'Erica', 'Burns', 'erika_20', 'erika@mail.ru', 'f4844a74ed4f6f44d174947a1e434108'),
(12, 'Clara', 'Hall', 'clara_29', 'hall@mail.ru', 'f4844a74ed4f6f44d174947a1e434108'),
(13, 'Christie', 'Sullivan', 'sullivan', 'sullivan@mail.ru', 'f4844a74ed4f6f44d174947a1e434108');

--
-- Индексы сохранённых таблиц
--

--
-- Индексы таблицы `categories`
--
ALTER TABLE `categories`
  ADD PRIMARY KEY (`id_category`);

--
-- Индексы таблицы `comments`
--
ALTER TABLE `comments`
  ADD PRIMARY KEY (`id`);

--
-- Индексы таблицы `posts`
--
ALTER TABLE `posts`
  ADD PRIMARY KEY (`id`);

--
-- Индексы таблицы `users`
--
ALTER TABLE `users`
  ADD PRIMARY KEY (`id`),
  ADD KEY `FK_users_comments` (`username`);

--
-- AUTO_INCREMENT для сохранённых таблиц
--

--
-- AUTO_INCREMENT для таблицы `categories`
--
ALTER TABLE `categories`
  MODIFY `id_category` int(11) UNSIGNED NOT NULL AUTO_INCREMENT, AUTO_INCREMENT=10;

--
-- AUTO_INCREMENT для таблицы `comments`
--
ALTER TABLE `comments`
  MODIFY `id` int(11) UNSIGNED NOT NULL AUTO_INCREMENT, AUTO_INCREMENT=38;

--
-- AUTO_INCREMENT для таблицы `posts`
--
ALTER TABLE `posts`
  MODIFY `id` int(11) UNSIGNED NOT NULL AUTO_INCREMENT, AUTO_INCREMENT=19;

--
-- AUTO_INCREMENT для таблицы `users`
--
ALTER TABLE `users`
  MODIFY `id` int(11) NOT NULL AUTO_INCREMENT, AUTO_INCREMENT=14;
COMMIT;

/*!40101 SET CHARACTER_SET_CLIENT=@OLD_CHARACTER_SET_CLIENT */;
/*!40101 SET CHARACTER_SET_RESULTS=@OLD_CHARACTER_SET_RESULTS */;
/*!40101 SET COLLATION_CONNECTION=@OLD_COLLATION_CONNECTION */;
